;bld_name;Techno;latitude;longitude;bld_azimut;cll_azimut;tilt;row_dist;N_panel;ratio;cll_layout;cll_alignment;Optimal tilt or max4dist;el cover ratio;el coverage;el production;el demand;th cover ratio;th coverage;th production;th demand;spec_prod_e;spec_prod_th;ICPe;ICPth
0;1.0;pv;47.3915213831329;8.17369509879299;120.0;180.0;20.0;0.6;1062.0;0.7004699480583725;east-west;south;tilt;0.39814390189015936;153530.5579133577;508079.1817616734;385615.7464285714;0.0;0.0;0.0;581488.101;230.26680699740444;0.0;48.739859655034195;0.0
1;1.0;pv;47.3915213831329;8.17369509879299;120.0;210.0;20.0;0.6;1110.0;0.7321296067276775;east-west;long;tilt;0.40242965730218705;155183.21268557705;529662.1456211198;385615.7464285714;0.0;0.0;0.0;581488.101;229.66795953948815;0.0;49.264511963675254;0.0
2;1.0;pv;47.3915213831329;8.17369509879299;120.0;120.0;20.0;0.6;1080.0;0.7123423200593618;east-west;short;tilt;0.3938085027339912;151858.75973168612;513273.3915140543;385615.7464285714;0.0;0.0;0.0;581488.101;228.74386264234147;0.0;48.209130073551144;0.0
3;1.0;pv;47.3915213831329;8.17369509879299;120.0;180.0;36.0;1.3238219486812455;654.0;0.4313628493692802;portrait;south;tilt;0.33552629527850164;129384.22280023267;351158.1701760538;385615.7464285714;0.0;0.0;0.0;581488.101;258.43390163495445;0.0;41.07435644451831;0.0
4;1.0;pv;47.3915213831329;8.17369509879299;120.0;180.0;7.0;0.6;872.0;0.575150465825707;portrait;south;max4dist;0.3717512138511898;143353.12181495404;445200.54054829513;385615.7464285714;0.0;0.0;0.0;581488.101;245.7330965264249;0.0;45.508927560302865;0.0
5;1.0;pv;47.3915213831329;8.17369509879299;120.0;180.0;46.0;1.6201117883346488;604.0;0.3983840382554209;portrait;south;tilt+10;0.3239622686860653;124924.95205407048;317656.7860771885;385615.7464285714;0.0;0.0;0.0;581488.101;253.1311861617142;0.0;39.658714937800156;0.0
6;1.0;pv;47.3915213831329;8.17369509879299;120.0;180.0;56.0;1.867175351115625;576.0;0.37991590403165965;portrait;south;tilt+20;0.3141496451699293;121141.04991247314;290558.14652613533;385615.7464285714;0.0;0.0;0.0;581488.101;242.79236656852785;0.0;38.457476162689886;0.0
7;1.0;pv;47.3915213831329;8.17369509879299;120.0;120.0;25.0;0.9518294795995814;777.0;0.5124907247093742;portrait;long;tilt;0.35432942336993695;136635.00507440354;386820.8293518543;385615.7464285714;0.0;0.0;0.0;581488.101;239.61460640276198;0.0;43.37619208711224;0.0
8;1.0;pv;47.3915213831329;8.17369509879299;120.0;120.0;7.0;0.6;888.0;0.585703685382142;portrait;long;max4dist;0.37048557780825664;142865.07262755145;441471.2429205613;385615.7464285714;0.0;0.0;0.0;581488.101;239.28413705596165;0.0;45.3539913103338;0.0
9;1.0;pv;47.3915213831329;8.17369509879299;120.0;120.0;35.0;1.291820563252348;703.0;0.4636820842608624;portrait;long;tilt+10;0.34163189883481815;131738.6396729986;344146.1162777602;385615.7464285714;0.0;0.0;0.0;581488.101;235.61991941187165;0.0;41.821790372380505;0.0
10;1.0;pv;47.3915213831329;8.17369509879299;120.0;120.0;45.0;1.5925603327834388;629.0;0.4148734438123506;portrait;long;tilt+20;0.32608003086248666;125741.5944964894;298643.9078770551;385615.7464285714;0.0;0.0;0.0;581488.101;228.52171238302176;0.0;39.91796650682203;0.0
11;1.0;pv;47.3915213831329;8.17369509879299;120.0;210.0;36.0;1.3238219486812455;666.0;0.43927776403660646;portrait;short;tilt;0.3350186050533086;129188.44945509036;355349.88748605025;385615.7464285714;0.0;0.0;0.0;581488.101;256.80673443195;0.0;41.01220617621916;0.0
12;1.0;pv;47.3915213831329;8.17369509879299;120.0;210.0;7.0;0.6;882.0;0.5817462280484789;portrait;short;max4dist;0.3738179012909106;144150.0690346565;449519.38143666106;385615.7464285714;0.0;0.0;0.0;581488.101;245.3038088689694;0.0;45.76192667766873;0.0
13;1.0;pv;47.3915213831329;8.17369509879299;120.0;210.0;46.0;1.6201117883346488;612.0;0.4036606480336384;portrait;short;tilt+10;0.32237674104452185;124313.54762909356;319878.1822914773;385615.7464285714;0.0;0.0;0.0;581488.101;251.56930652903102;0.0;39.464618294950334;0.0
14;1.0;pv;47.3915213831329;8.17369509879299;120.0;210.0;56.0;1.867175351115625;576.0;0.37991590403165965;portrait;short;tilt+20;0.3103134954927395;119661.77019129187;289518.28103313094;385615.7464285714;0.0;0.0;0.0;581488.101;241.9234478788336;0.0;37.98786355279107;0.0
15;2.0;pv;47.3908770952576;8.17348612476866;190.0;180.0;20.0;0.6;430.0;0.7000407000407001;east-west;south;tilt;0.20097184378129132;148771.10801155324;209555.78161935517;740258.4621428571;0.0;0.0;0.0;996913.9430000001;230.26769026777978;0.0;114.43931385504095;0.0
16;2.0;pv;47.3908770952576;8.17348612476866;190.0;100.0;20.0;0.6;450.0;0.7326007326007326;east-west;long;tilt;0.20418199662749273;151147.45082072582;217424.4455538749;740258.4621428571;0.0;0.0;0.0;996913.9430000001;228.29566783156866;0.0;116.26726986209678;0.0
17;2.0;pv;47.3908770952576;8.17348612476866;190.0;190.0;20.0;0.6;432.0;0.7032967032967034;east-west;short;tilt;0.20147266957145796;149141.84854078348;210455.0578795801;740258.4621428571;0.0;0.0;0.0;996913.9430000001;230.1852195557907;0.0;114.72449887752576;0.0
18;2.0;pv;47.3908770952576;8.17348612476866;190.0;180.0;36.0;1.3238620865498687;264.0;0.4297924297924298;portrait;south;tilt;0.1588096394940644;117560.17950533766;144394.84014847412;740258.4621428571;0.0;0.0;0.0;996913.9430000001;258.433946856644;0.0;90.4309073117982;0.0
19;2.0;pv;47.3908770952576;8.17348612476866;190.0;180.0;7.0;0.6;351.0;0.5714285714285714;portrait;south;max4dist;0.18298578037055033;135456.7723711142;182545.1934378106;740258.4621428571;0.0;0.0;0.0;996913.9430000001;245.73391424320656;0.0;104.19751720854939;0.0
20;2.0;pv;47.3908770952576;8.17348612476866;190.0;180.0;46.0;1.620160909618806;244.0;0.3972323972323972;portrait;south;tilt+10;0.14928699408792467;110510.96066145693;130717.35463581263;740258.4621428571;0.0;0.0;0.0;996913.9430000001;253.13094289107158;0.0;85.0084312780438;0.0
21;2.0;pv;47.3908770952576;8.17348612476866;190.0;180.0;56.0;1.8672319632899543;232.0;0.3776963776963777;portrait;south;tilt+20;0.14084395915953477;104260.93260954857;119212.07913175106;740258.4621428571;0.0;0.0;0.0;996913.9430000001;242.79184219720847;0.0;80.20071739196045;0.0
22;2.0;pv;47.3908770952576;8.17348612476866;190.0;190.0;36.0;1.3238620865498687;270.0;0.43956043956043955;portrait;long;tilt;0.16096841687463345;119158.2327291865;147958.42368395993;740258.4621428571;0.0;0.0;0.0;996913.9430000001;258.9272414469299;0.0;91.66017902245115;0.0
23;2.0;pv;47.3908770952576;8.17348612476866;190.0;190.0;7.0;0.6;360.0;0.5860805860805861;portrait;long;max4dist;0.18595368078395624;137653.7857669352;187339.54007839473;740258.4621428571;0.0;0.0;0.0;996913.9430000001;245.88314635289305;0.0;105.8875275130271;0.0
24;2.0;pv;47.3908770952576;8.17348612476866;190.0;190.0;46.0;1.620160909618806;255.0;0.41514041514041516;portrait;long;tilt+10;0.15335165700092232;113519.86177856167;136793.49265738792;740258.4621428571;0.0;0.0;0.0;996913.9430000001;253.47029521810114;0.0;87.32297059889359;0.0
25;2.0;pv;47.3908770952576;8.17348612476866;190.0;190.0;56.0;1.8672319632899543;240.0;0.3907203907203907;portrait;long;tilt+20;0.1439039896857917;106526.14610102575;123706.76966128689;740258.4621428571;0.0;0.0;0.0;996913.9430000001;243.5477027706586;0.0;81.94318930848135;0.0
26;2.0;pv;47.3908770952576;8.17348612476866;190.0;100.0;32.0;1.1935311750585842;288.0;0.46886446886446886;portrait;short;tilt;0.1516125049415447;112232.43974965421;136769.2130953125;740258.4621428571;0.0;0.0;0.0;996913.9430000001;224.38699023449706;0.0;86.33264596127246;0.0
27;2.0;pv;47.3908770952576;8.17348612476866;190.0;100.0;7.0;0.6;360.0;0.5860805860805861;portrait;short;max4dist;0.18057597428690397;133672.89302557166;179648.10904326884;740258.4621428571;0.0;0.0;0.0;996913.9430000001;235.78814311929034;0.0;102.8253023273628;0.0
28;2.0;pv;47.3908770952576;8.17348612476866;190.0;100.0;42.0;1.5070753089732811;252.0;0.41025641025641024;portrait;short;tilt+10;0.1340174545586075;99207.55481185502;115436.31441009098;740258.4621428571;0.0;0.0;0.0;996913.9430000001;216.4430895189206;0.0;76.31350370142694;0.0
29;2.0;pv;47.3908770952576;8.17348612476866;190.0;100.0;52.0;1.774827722241728;234.0;0.38095238095238093;portrait;short;tilt+20;0.12133794832703704;89821.4430281419;102219.00033888569;740258.4621428571;0.0;0.0;0.0;996913.9430000001;206.4037506842884;0.0;69.09341771395532;0.0
30;3.0;pv;47.3904716784545;8.17518754686738;190.0;180.0;20.0;0.6;194.0;0.6298701298701299;east-west;south;tilt;0.27312185325880695;80340.13841727498;97901.32628280699;294154.92557142855;0.0;0.0;0.0;17959.194999999996;230.2681061100004;0.0;119.02242728485182;0.0
31;3.0;pv;47.3904716784545;8.17518754686738;190.0;100.0;20.0;0.6;210.0;0.6818181818181818;east-west;long;tilt;0.2885642745965953;84882.60271653476;105068.03040230126;294154.92557142855;0.0;0.0;0.0;17959.194999999996;228.29596729388916;0.0;125.75200402449595;0.0
32;3.0;pv;47.3904716784545;8.17518754686738;190.0;190.0;20.0;0.6;204.0;0.6623376623376623;east-west;short;tilt;0.28419191925058856;83596.4528551583;102910.91004260616;294154.92557142855;0.0;0.0;0.0;17959.194999999996;230.18562304373785;0.0;123.84659682245675;0.0
33;3.0;pv;47.3904716784545;8.17518754686738;190.0;180.0;36.0;1.3238873442622694;130.0;0.42207792207792205;portrait;south;tilt;0.21530960786054687;63334.38167503263;73628.42239654195;294154.92557142855;0.0;0.0;0.0;17959.194999999996;258.43366493601053;0.0;93.82871359264094;0.0
34;3.0;pv;47.3904716784545;8.17518754686738;190.0;180.0;7.0;0.6;166.0;0.538961038961039;portrait;south;max4dist;0.2527916568685653;74359.91101125094;89397.74559533007;294154.92557142855;0.0;0.0;0.0;17959.194999999996;245.7340976649858;0.0;110.16283112777916;0.0
35;3.0;pv;47.3904716784545;8.17518754686738;190.0;180.0;46.0;1.620191820359973;118.0;0.38311688311688313;portrait;south;tilt+10;0.19495080548776428;57345.73967834335;65460.52643649369;294154.92557142855;0.0;0.0;0.0;17959.194999999996;253.13047259811745;0.0;84.95665137532347;0.0
36;3.0;pv;47.3904716784545;8.17518754686738;190.0;180.0;56.0;1.8672675878526586;114.0;0.37012987012987014;portrait;south;tilt+20;0.1827573151250443;53758.964428241525;60658.38529989624;294154.92557142855;0.0;0.0;0.0;17959.194999999996;242.79119782154697;0.0;79.64291026406151;0.0
37;3.0;pv;47.3904716784545;8.17518754686738;190.0;190.0;36.0;1.3238873442622694;147.0;0.4772727272727273;portrait;long;tilt;0.23900299370951328;70303.90782597048;83415.75325837288;294154.92557142855;0.0;0.0;0.0;17959.194999999996;258.92720588136905;0.0;104.15393751995626;0.0
38;3.0;pv;47.3904716784545;8.17518754686738;190.0;190.0;7.0;0.6;189.0;0.6136363636363636;portrait;long;max4dist;0.28135836416625676;82762.94867022414;101846.01798205207;294154.92557142855;0.0;0.0;0.0;17959.194999999996;245.8833904642135;0.0;122.61177580773946;0.0
39;3.0;pv;47.3904716784545;8.17518754686738;190.0;190.0;46.0;1.620191820359973;126.0;0.4090909090909091;portrait;long;tilt+10;0.20630407728260122;60685.360498145805;69992.3612785361;294154.92557142855;0.0;0.0;0.0;17959.194999999996;253.4702795272089;0.0;89.90423777503082;0.0
40;3.0;pv;47.3904716784545;8.17518754686738;190.0;190.0;56.0;1.8672675878526586;126.0;0.4090909090909091;portrait;long;tilt+20;0.1994590648155389;58671.86636536159;67252.31805160725;294154.92557142855;0.0;0.0;0.0;17959.194999999996;243.54748924038836;0.0;86.9212835042394;0.0
41;3.0;pv;47.3904716784545;8.17518754686738;190.0;100.0;7.0;0.6;168.0;0.5454545454545454;portrait;short;tilt;0.24508784310877488;72093.79624812363;86812.86532494595;294154.92557142855;0.0;0.0;0.0;17959.194999999996;235.78802927763098;0.0;106.80562407129426;0.0
42;3.0;pv;47.3904716784545;8.17518754686738;190.0;100.0;7.0;0.6;168.0;0.5454545454545454;portrait;short;max4dist;0.24508784310877488;72093.79624812363;86812.86532494595;294154.92557142855;0.0;0.0;0.0;17959.194999999996;235.78802927763098;0.0;106.80562407129426;0.0
43;3.0;pv;47.3904716784545;8.17518754686738;190.0;100.0;17.0;0.6585180526275224;162.0;0.525974025974026;portrait;short;tilt+10;0.23309495972974517;68566.03053037832;82611.73335806333;294154.92557142855;0.0;0.0;0.0;17959.194999999996;232.68782692531786;0.0;101.57930448944937;0.0
44;3.0;pv;47.3904716784545;8.17518754686738;190.0;100.0;27.0;1.0225371845862923;138.0;0.44805194805194803;portrait;short;tilt+20;0.19909481568988716;58564.720690916045;68856.27383996447;294154.92557142855;0.0;0.0;0.0;17959.194999999996;227.6729183328938;0.0;86.76254917172747;0.0
45;4.0;pv;47.3908561583741;8.17526703615238;190.0;180.0;20.0;0.6;270.0;0.6360864745011086;east-west;south;tilt;0.305509141171674;65472.96006415186;134606.01705384412;214307.6957142857;0.0;0.0;0.0;288274.44;230.2675824723139;0.0;71.24369974336437;0.0
46;4.0;pv;47.3908561583741;8.17526703615238;190.0;100.0;20.0;0.6;300.0;0.7067627494456762;east-west;long;tilt;0.31416209639175957;67327.35495848731;148281.3198246606;214307.6957142857;0.0;0.0;0.0;288274.44;228.295462641565;0.0;73.26153967191219;0.0
47;4.0;pv;47.3908561583741;8.17526703615238;190.0;190.0;20.0;0.6;294.0;0.6926274944567627;east-west;short;tilt;0.3160770039938127;67737.73439418909;146518.49197324627;214307.6957142857;0.0;0.0;0.0;288274.44;230.1850964714384;0.0;73.70808965635374;0.0
48;4.0;pv;47.3908561583741;8.17526703615238;190.0;180.0;36.0;1.3238633909106783;180.0;0.4240576496674057;portrait;south;tilt;0.2627497084488038;56309.28456726353;100713.91243945822;214307.6957142857;0.0;0.0;0.0;288274.44;258.4336456090844;0.0;61.272344469274785;0.0
49;4.0;pv;47.3908561583741;8.17526703615238;190.0;180.0;7.0;0.6;231.0;0.5442073170731707;portrait;south;max4dist;0.2885629858589216;61841.2685678595;122897.90022806935;214307.6957142857;0.0;0.0;0.0;288274.44;245.7336178638134;0.0;67.29191356676768;0.0
50;4.0;pv;47.3908561583741;8.17526703615238;190.0;180.0;46.0;1.6201625059137807;166.0;0.3910753880266075;portrait;south;tilt+10;0.250959114851865;53782.46962239997;90974.71185922385;214307.6957142857;0.0;0.0;0.0;288274.44;253.13062559763188;0.0;58.52281786985851;0.0
51;4.0;pv;47.3908561583741;8.17526703615238;190.0;180.0;56.0;1.8672338030164788;160.0;0.37694013303769397;portrait;south;tilt+20;0.2423670507113302;51941.12415501261;84104.92003337083;214307.6957142857;0.0;0.0;0.0;288274.44;242.79151849868944;0.0;56.51917753537824;0.0
52;4.0;pv;47.3908561583741;8.17526703615238;190.0;190.0;36.0;1.3238633909106783;200.0;0.4711751662971175;portrait;long;tilt;0.273853752885237;58688.966743544566;112118.06407040865;214307.6957142857;0.0;0.0;0.0;288274.44;258.927206788731;0.0;63.8617701235523;0.0
53;4.0;pv;47.3908561583741;8.17526703615238;190.0;190.0;7.0;0.6;250.0;0.5889689578713968;portrait;long;max4dist;0.2978118067141334;63823.36205341417;133087.19523296793;214307.6957142857;0.0;0.0;0.0;288274.44;245.88291641838234;0.0;69.44870734865525;0.0
54;4.0;pv;47.3908561583741;8.17526703615238;190.0;190.0;46.0;1.6201625059137807;175.0;0.4122782705099778;portrait;long;tilt+10;0.2561548570270877;54895.95715549747;96035.83047421738;214307.6957142857;0.0;0.0;0.0;288274.44;253.4704520631496;0.0;59.73444739444773;0.0
55;4.0;pv;47.3908561583741;8.17526703615238;190.0;190.0;56.0;1.8672338030164788;175.0;0.4122782705099778;portrait;long;tilt+20;0.2514839392935142;53894.94353914434;92276.29940559252;214307.6957142857;0.0;0.0;0.0;288274.44;243.54780095674167;0.0;58.645205156849116;0.0
56;4.0;pv;47.3908561583741;8.17526703615238;190.0;100.0;32.0;1.1935323510083342;182.0;0.4287694013303769;portrait;short;tilt;0.2502149715620479;53622.99398867802;88416.61956134466;214307.6957142857;0.0;0.0;0.0;288274.44;224.38540766349104;0.0;58.34928616831123;0.0
57;4.0;pv;47.3908561583741;8.17526703615238;190.0;100.0;7.0;0.6;231.0;0.5442073170731707;portrait;short;max4dist;0.2842673477062023;60920.68025372786;117923.55888158565;214307.6957142857;0.0;0.0;0.0;288274.44;235.78745203597927;0.0;66.29018525976916;0.0
58;4.0;pv;47.3908561583741;8.17526703615238;190.0;100.0;42.0;1.5070767938484733;168.0;0.3957871396895787;portrait;short;tilt+10;0.23585271342249967;50545.05154153769;78725.795388231;214307.6957142857;0.0;0.0;0.0;288274.44;216.44116714424203;0.0;55.00005608437179;0.0
59;4.0;pv;47.3908561583741;8.17526703615238;190.0;100.0;52.0;1.7748294709251808;154.0;0.3628048780487805;portrait;short;tilt+20;0.21795119452507947;46708.618276845824;68817.9651943937;214307.6957142857;0.0;0.0;0.0;288274.44;206.40166589333617;0.0;50.82548234694866;0.0
60;5.0;pv;47.3915063967918;8.17534599326814;110.0;180.0;20.0;0.6;148.0;0.6098901098901099;east-west;south;tilt;0.3335595920829597;31977.780606036715;75134.00025089752;95868.26871428572;0.0;0.0;0.0;130230.729;230.26670111414242;0.0;59.771552534648066;0.0
61;5.0;pv;47.3915063967918;8.17534599326814;110.0;200.0;20.0;0.6;160.0;0.6593406593406593;east-west;long;tilt;0.34304273428259574;32886.9130306872;81123.37468621696;95868.26871428572;0.0;0.0;0.0;130230.729;229.97592200765558;0.0;61.47086547792001;0.0
62;5.0;pv;47.3915063967918;8.17534599326814;110.0;110.0;20.0;0.6;156.0;0.6428571428571429;east-west;short;tilt;0.33536839035989663;32151.18696530004;78577.20296547166;95868.26871428572;0.0;0.0;0.0;130230.729;228.46954133262787;0.0;60.095676570654284;0.0
63;5.0;pv;47.3915063967918;8.17534599326814;110.0;180.0;36.0;1.3238228822777534;103.0;0.42445054945054944;portrait;south;tilt;0.29255624803021163;28046.86100020355;58685.37674609678;95868.26871428572;0.0;0.0;0.0;130230.729;258.43362230383485;0.0;52.42403925271692;0.0
64;5.0;pv;47.3915063967918;8.17534599326814;110.0;180.0;7.0;0.6;137.0;0.5645604395604396;portrait;south;max4dist;0.32418124901618905;31078.695092816786;74221.09936818958;95868.26871428572;0.0;0.0;0.0;130230.729;245.73281642695966;0.0;58.09101886507811;0.0
65;5.0;pv;47.3915063967918;8.17534599326814;110.0;180.0;46.0;1.6201129308830928;95.0;0.3914835164835165;portrait;south;tilt+10;0.280785179893756;26918.389077043656;53016.66628243564;95868.26871428572;0.0;0.0;0.0;130230.729;253.13089394073225;0.0;50.31474593839936;0.0
66;5.0;pv;47.3915063967918;8.17534599326814;110.0;180.0;56.0;1.8671766679002493;91.0;0.375;portrait;south;tilt+20;0.27068022498343947;25949.64454435569;48710.15911129446;95868.26871428572;0.0;0.0;0.0;130230.729;242.79207033667024;0.0;48.50400849412279;0.0
67;5.0;pv;47.3915063967918;8.17534599326814;110.0;110.0;17.0;0.6584859884336195;144.0;0.5934065934065934;portrait;long;tilt;0.3274486441794412;31391.9346103232;75164.25546802029;95868.26871428572;0.0;0.0;0.0;130230.729;236.75829863585486;0.0;58.67651329032373;0.0
68;5.0;pv;47.3915063967918;8.17534599326814;110.0;110.0;7.0;0.6;144.0;0.5934065934065934;portrait;long;max4dist;0.3276087248016752;31407.28126243148;75422.60582666255;95868.26871428572;0.0;0.0;0.0;130230.729;237.57207096664217;0.0;58.70519862136725;0.0
69;5.0;pv;47.3915063967918;8.17534599326814;110.0;110.0;27.0;1.0224873957757523;112.0;0.46153846153846156;portrait;long;tilt+10;0.29734285736155797;28505.744949811367;57681.862726115374;95868.26871428572;0.0;0.0;0.0;130230.729;233.602559326947;0.0;53.281766261329665;0.0
70;5.0;pv;47.3915063967918;8.17534599326814;110.0;110.0;37.0;1.3554210410008265;112.0;0.46153846153846156;portrait;long;tilt+20;0.2950881616836387;28289.591178691666;56265.253430058154;95868.26871428572;0.0;0.0;0.0;130230.729;227.86551233356886;0.0;52.877740520919005;0.0
71;5.0;pv;47.3915063967918;8.17534599326814;110.0;200.0;36.0;1.3238228822777534;96.0;0.39560439560439564;portrait;short;tilt;0.2830675702550234;27137.19788950853;54682.760448214016;95868.26871428572;0.0;0.0;0.0;130230.729;258.3661059598897;0.0;50.72373437291315;0.0
72;5.0;pv;47.3915063967918;8.17534599326814;110.0;200.0;7.0;0.6;132.0;0.543956043956044;portrait;short;max4dist;0.31962870477170374;30642.250557852793;71514.79453296031;95868.26871428572;0.0;0.0;0.0;130230.729;245.74138780324319;0.0;57.27523468757532;0.0
73;5.0;pv;47.3915063967918;8.17534599326814;110.0;200.0;46.0;1.6201129308830928;90.0;0.3708791208791209;portrait;short;tilt+10;0.2728454239011598;26157.21841601958;50274.0706988094;95868.26871428572;0.0;0.0;0.0;130230.729;253.37157126156626;0.0;48.89199703928894;0.0
74;5.0;pv;47.3915063967918;8.17534599326814;110.0;200.0;56.0;1.8671766679002493;90.0;0.3708791208791209;portrait;short;tilt+20;0.2670942919207024;25605.86734990577;48303.6729126547;95868.26871428572;0.0;0.0;0.0;130230.729;243.44114835868896;0.0;47.86143429888929;0.0
75;6.0;pv;47.3915399336744;8.17581514963247;190.0;180.0;20.0;0.6;150.0;0.6181318681318682;east-west;south;tilt;0.3352017940092557;32135.215661589977;76149.29779717104;95868.26871428572;0.0;0.0;0.0;130230.729;230.26662013017867;0.0;60.06582366652333;0.0
76;6.0;pv;47.3915399336744;8.17581514963247;190.0;100.0;20.0;0.6;160.0;0.6593406593406593;east-west;long;tilt;0.33815700529308246;32418.526651055367;80530.26196400373;95868.26871428572;0.0;0.0;0.0;130230.729;228.29451210979252;0.0;60.5953769178605;0.0
77;6.0;pv;47.3915399336744;8.17581514963247;190.0;190.0;20.0;0.6;156.0;0.6428571428571429;east-west;short;tilt;0.34009681518453155;32604.49286698344;79166.89741114009;95868.26871428572;0.0;0.0;0.0;130230.729;230.18412539064616;0.0;60.94297732146438;0.0
78;6.0;pv;47.3915399336744;8.17581514963247;190.0;180.0;36.0;1.3238207930490722;99.0;0.40796703296703296;portrait;south;tilt;0.28833745582626086;27642.412695545463;56406.3155322611;95868.26871428572;0.0;0.0;0.0;130230.729;258.4335423234594;0.0;51.668061113169095;0.0
79;6.0;pv;47.3915399336744;8.17581514963247;190.0;180.0;7.0;0.6;129.0;0.5315934065934066;portrait;south;max4dist;0.31720445843937367;30409.84225903535;69886.98491707645;95868.26871428572;0.0;0.0;0.0;130230.729;245.73269105572052;0.0;56.840826652402534;0.0
80;6.0;pv;47.3915399336744;8.17581514963247;190.0;180.0;46.0;1.6201103740558562;90.0;0.3708791208791209;portrait;south;tilt+10;0.27486370443452796;26350.70747653333;50226.30219589971;95868.26871428572;0.0;0.0;0.0;130230.729;253.13082726628585;0.0;49.25365883464174;0.0
81;6.0;pv;47.3915399336744;8.17581514963247;190.0;180.0;56.0;1.8671737211623591;87.0;0.3585164835164835;portrait;south;tilt+20;0.26584771991691475;25486.360650074952;46569.0433684482;95868.26871428572;0.0;0.0;0.0;130230.729;242.7920189940222;0.0;47.638057289859724;0.0
82;6.0;pv;47.3915399336744;8.17581514963247;190.0;190.0;36.0;1.3238207930490722;112.0;0.46153846153846156;portrait;long;tilt;0.30005576157915353;28765.82638033994;63935.10104145257;95868.26871428572;0.0;0.0;0.0;130230.729;258.927200479403;0.0;53.767899776336336;0.0
83;6.0;pv;47.3915399336744;8.17581514963247;190.0;190.0;7.0;0.6;144.0;0.5934065934065934;portrait;long;max4dist;0.3298050326649441;31617.83749484664;78060.78477992569;95868.26871428572;0.0;0.0;0.0;130230.729;245.88201505618684;0.0;59.09876167261054;0.0
84;6.0;pv;47.3915399336744;8.17581514963247;190.0;190.0;46.0;1.6201103740558562;96.0;0.39560439560439564;portrait;long;tilt+10;0.2804573412568794;26886.95975450864;53646.6763222351;95868.26871428572;0.0;0.0;0.0;130230.729;253.4707967457629;0.0;50.25599954113765;0.0
85;6.0;pv;47.3915399336744;8.17581514963247;190.0;190.0;56.0;1.8671737211623591;96.0;0.39560439560439564;portrait;long;tilt+20;0.2760975496801362;26468.99408409115;51546.613496653736;95868.26871428572;0.0;0.0;0.0;130230.729;243.54838152624555;0.0;49.47475529736664;0.0
86;6.0;pv;47.3915399336744;8.17581514963247;190.0;100.0;10.0;0.6;132.0;0.543956043956044;portrait;short;tilt;0.3162737428720344;30320.616168929104;68400.46976893165;95868.26871428572;0.0;0.0;0.0;130230.729;235.03984703003042;0.0;56.674048913886175;0.0
87;6.0;pv;47.3915399336744;8.17581514963247;190.0;100.0;7.0;0.6;132.0;0.543956043956044;portrait;short;max4dist;0.31657483572551576;30349.481419514603;68617.68847952687;95868.26871428572;0.0;0.0;0.0;130230.729;235.78626080003565;0.0;56.728002653298326;0.0
88;6.0;pv;47.3915399336744;8.17581514963247;190.0;100.0;20.0;0.7703040789306004;120.0;0.4945054945054945;portrait;short;tilt+10;0.30397677883649377;29141.727516399984;61204.108371123715;95868.26871428572;0.0;0.0;0.0;130230.729;231.34263184931498;0.0;54.470518722242964;0.0
89;6.0;pv;47.3915399336744;8.17581514963247;190.0;100.0;30.0;1.1261092277204316;102.0;0.42032967032967034;portrait;short;tilt+20;0.2824955057653744;27082.355057292963;50764.91938496338;95868.26871428572;0.0;0.0;0.0;130230.729;225.74590014203983;0.0;50.62122440615507;0.0
90;7.0;pv;47.3906122628237;8.17412383384924;190.0;190.0;40.0;0.1;240.0;0.8237939484187701;superposed;long;none;0.3455392468873713;103054.42728445816;136991.66560874967;298242.3218571429;0.0;0.0;0.0;108014.58799999999;257.35008520209067;0.0;159.48337648498577;0.0
91;7.0;pv;47.3906122628237;8.17412383384924;190.0;370.0;40.0;0.1;240.0;0.8237939484187701;superposed;long;none;0.23034075797043105;68697.36247543556;84230.74724310395;298242.3218571429;0.0;0.0;0.0;108014.58799999999;158.23437056059902;0.0;106.31360157825779;0.0
92;8.0;pv;47.3909148247087;8.17420357111795;190.0;180.0;20.0;0.6;332.0;0.6544247328561055;east-west;south;tilt;0.2824846257094593;88171.02977791132;164255.15484332552;312126.82657142857;0.0;0.0;0.0;425091.732;230.26758470891988;0.0;80.89085300725809;0.0
93;8.0;pv;47.3909148247087;8.17420357111795;190.0;100.0;20.0;0.6;378.0;0.7450980392156863;east-west;long;tilt;0.29491026674274345;92049.40568174602;185411.77803760485;312126.82657142857;0.0;0.0;0.0;425091.732;228.29552583094758;0.0;84.44899603829911;0.0
94;8.0;pv;47.3909148247087;8.17420357111795;190.0;190.0;20.0;0.6;352.0;0.6938479095341841;east-west;short;tilt;0.2898962943120461;90484.41037843583;174087.6667042029;312126.82657142857;0.0;0.0;0.0;425091.732;230.18510756795843;0.0;83.01322053067507;0.0
95;8.0;pv;47.3909148247087;8.17420357111795;190.0;180.0;36.0;1.3238597360231585;216.0;0.42577030812324934;portrait;south;tilt;0.23962207755719286;74792.47864437934;119936.45964842144;312126.82657142857;0.0;0.0;0.0;425091.732;258.43382480979267;0.0;68.6169528847517;0.0
96;8.0;pv;47.3909148247087;8.17420357111795;190.0;180.0;7.0;0.6;283.0;0.5578379499948128;portrait;south;max4dist;0.2659794911640728;83019.33451012538;149416.76966065707;312126.82657142857;0.0;0.0;0.0;425091.732;245.73373897300826;0.0;76.16452707350953;0.0
97;8.0;pv;47.3909148247087;8.17420357111795;190.0;180.0;46.0;1.6201580330113923;198.0;0.3902894491129786;portrait;south;tilt+10;0.2274529833194483;70994.17787770348;107685.78066431983;312126.82657142857;0.0;0.0;0.0;425091.732;253.13083510707725;0.0;65.13227328229677;0.0
98;8.0;pv;47.3909148247087;8.17420357111795;190.0;180.0;56.0;1.8672286480060978;190.0;0.3745201784417471;portrait;south;tilt+20;0.2181387095242148;68086.94315617983;99114.14718872504;312126.82657142857;0.0;0.0;0.0;425091.732;242.79175195103323;0.0;62.46508546438516;0.0
99;8.0;pv;47.3909148247087;8.17420357111795;190.0;190.0;36.0;1.3238597360231585;243.0;0.4789915966386555;portrait;long;tilt;0.25282814929952957;78914.44790878952;135186.12321757048;312126.82657142857;0.0;0.0;0.0;425091.732;258.9272277947994;0.0;72.39857606310966;0.0
100;8.0;pv;47.3909148247087;8.17420357111795;190.0;190.0;7.0;0.6;297.0;0.5854341736694678;portrait;long;max4dist;0.2719086115273428;84869.97203347288;156903.6577489043;312126.82657142857;0.0;0.0;0.0;425091.732;245.8829981842713;0.0;77.86235966373658;0.0
101;8.0;pv;47.3909148247087;8.17420357111795;190.0;190.0;46.0;1.6201580330113923;216.0;0.42577030812324934;portrait;long;tilt+10;0.23671891299684103;73886.32310314209;117632.97554081383;312126.82657142857;0.0;0.0;0.0;425091.732;253.4703782476493;0.0;67.78561752581844;0.0
102;8.0;pv;47.3909148247087;8.17420357111795;190.0;190.0;56.0;1.8672286480060978;216.0;0.42577030812324934;portrait;long;tilt+20;0.232072847807128;72436.16151943298;113028.00014045501;312126.82657142857;0.0;0.0;0.0;425091.732;243.54777915344303;0.0;66.45519405452568;0.0
103;8.0;pv;47.3909148247087;8.17420357111795;190.0;100.0;32.0;1.19352905593535;224.0;0.4415395787944808;portrait;short;tilt;0.22690033263191292;70821.68077240053;107992.22464922826;312126.82657142857;0.0;0.0;0.0;425091.732;224.3863069501257;0.0;64.9740190572482;0.0
104;8.0;pv;47.3909148247087;8.17420357111795;190.0;100.0;7.0;0.6;280.0;0.551924473493101;portrait;short;max4dist;0.2596070408385867;81030.32181254732;141849.39210081424;312126.82657142857;0.0;0.0;0.0;425091.732;235.7877992791178;0.0;74.33974478215352;0.0
105;8.0;pv;47.3909148247087;8.17420357111795;190.0;100.0;42.0;1.5070726331501691;200.0;0.3942317667807864;portrait;short;tilt+10;0.2080014981978793;64922.847554606786;93007.98041237058;312126.82657142857;0.0;0.0;0.0;425091.732;216.44227986355386;0.0;59.56224546294201;0.0
106;8.0;pv;47.3909148247087;8.17420357111795;190.0;100.0;52.0;1.7748245710222696;192.0;0.37846249610955496;portrait;short;tilt+20;0.19706460460134054;61509.149663769764;85146.16953490005;312126.82657142857;0.0;0.0;0.0;425091.732;206.40288712852632;0.0;56.43041253556859;0.0
107;9.0;pv;47.3911713875141;8.17553313083685;190.0;180.0;20.0;0.6;240.0;0.6513409961685823;east-west;south;tilt;0.3124428026431148;56405.38053019425;119985.94153511431;180530.2604285714;0.0;0.0;0.0;248700.63199999998;230.26713779900615;0.0;70.50672566274281;0.0
108;9.0;pv;47.3911713875141;8.17553313083685;190.0;100.0;20.0;0.6;264.0;0.7164750957854406;east-west;long;tilt;0.3198431792110179;57741.372439267296;130854.15859892352;180530.2604285714;0.0;0.0;0.0;248700.63199999998;228.29502268929838;0.0;72.17671554908411;0.0
109;9.0;pv;47.3911713875141;8.17553313083685;190.0;190.0;20.0;0.6;252.0;0.6839080459770115;east-west;short;tilt;0.3185634273374219;57510.33850024305;125940.10607245551;180530.2604285714;0.0;0.0;0.0;248700.63199999998;230.18464765343757;0.0;71.88792312530381;0.0
110;9.0;pv;47.3911713875141;8.17553313083685;190.0;180.0;36.0;1.3238437524683266;154.0;0.4179438058748403;portrait;south;tilt;0.26500928997517514;47842.19613520917;86408.57645099986;180530.2604285714;0.0;0.0;0.0;248700.63199999998;258.4335957262524;0.0;59.80274516901145;0.0
111;9.0;pv;47.3911713875141;8.17553313083685;190.0;180.0;7.0;0.6;201.0;0.5454980842911877;portrait;south;max4dist;0.2926953028537464;52840.359250406415;107237.58671659915;180530.2604285714;0.0;0.0;0.0;248700.63199999998;245.73318817412095;0.0;66.05044906300802;0.0
112;9.0;pv;47.3911713875141;8.17553313083685;190.0;180.0;46.0;1.6201384721137744;142.0;0.3853767560664112;portrait;south;tilt+10;0.2531343249224968;45698.405601668965;78040.55543216142;180530.2604285714;0.0;0.0;0.0;248700.63199999998;253.13071625261972;0.0;57.1230070020862;0.0
113;9.0;pv;47.3911713875141;8.17553313083685;190.0;180.0;56.0;1.8672061041136694;136.0;0.36909323116219667;portrait;south;tilt+20;0.24381142825885513;44015.34063903307;71690.23230119064;180530.2604285714;0.0;0.0;0.0;248700.63199999998;242.7917469369908;0.0;55.01917579879134;0.0
114;9.0;pv;47.3911713875141;8.17553313083685;190.0;190.0;36.0;1.3238437524683266;176.0;0.47765006385696035;portrait;long;tilt;0.2791507182804179;50395.15186998661;98941.27627607307;180530.2604285714;0.0;0.0;0.0;248700.63199999998;258.9272036235468;0.0;62.99393983748325;0.0
115;9.0;pv;47.3911713875141;8.17553313083685;190.0;190.0;7.0;0.6;220.0;0.5970625798212005;portrait;long;max4dist;0.3032677115734733;54748.998949936016;117445.79132998844;180530.2604285714;0.0;0.0;0.0;248700.63199999998;245.88249896091165;0.0;68.43624868742002;0.0
116;9.0;pv;47.3911713875141;8.17553313083685;190.0;190.0;46.0;1.6201384721137744;154.0;0.4179438058748403;portrait;long;tilt+10;0.26137998980910565;47186.99763105519;84749.17787832033;180530.2604285714;0.0;0.0;0.0;248700.63199999998;253.47061221820024;0.0;58.98374703881898;0.0
117;9.0;pv;47.3911713875141;8.17553313083685;190.0;190.0;56.0;1.8672061041136694;154.0;0.4179438058748403;portrait;long;tilt+20;0.2569155675148264;46381.034311605836;81431.52565587987;180530.2604285714;0.0;0.0;0.0;248700.63199999998;243.54806947499594;0.0;57.976292889507285;0.0
118;9.0;pv;47.3911713875141;8.17553313083685;190.0;100.0;10.0;0.6;203.0;0.5509259259259259;portrait;short;tilt;0.28943970592100654;52252.62548828843;103591.9202658274;180530.2604285714;0.0;0.0;0.0;248700.63199999998;235.04049135944035;0.0;65.31578186036053;0.0
119;9.0;pv;47.3911713875141;8.17553313083685;190.0;100.0;7.0;0.6;203.0;0.5509259259259259;portrait;short;max4dist;0.2895952476112281;52280.70547013163;103920.89183352765;180530.2604285714;0.0;0.0;0.0;248700.63199999998;235.78689743741566;0.0;65.35088183766453;0.0
120;9.0;pv;47.3911713875141;8.17553313083685;190.0;100.0;20.0;0.7703174385442236;189.0;0.5129310344827586;portrait;short;tilt+10;0.27951842763221474;50461.53453502851;94930.52388583752;180530.2604285714;0.0;0.0;0.0;248700.63199999998;231.3432935033015;0.0;63.07691816878563;0.0
121;9.0;pv;47.3911713875141;8.17553313083685;190.0;100.0;30.0;1.1261287581689796;161.0;0.436941251596424;portrait;short;tilt+20;0.25708683814527455;46411.9538431244;78910.37937874906;180530.2604285714;0.0;0.0;0.0;248700.63199999998;225.74653654936247;0.0;58.01494230390549;0.0
122;10.0;pv;47.3919311502833;8.17562676986709;190.0;180.0;20.0;0.6;128.0;0.5903563941299791;east-west;south;tilt;0.2865323740794738;35327.81663517292;66338.2657372411;123294.32842857142;0.0;0.0;0.0;118233.246;230.26610787205433;0.0;72.39306687535436;0.0
123;10.0;pv;47.3919311502833;8.17562676986709;190.0;100.0;20.0;0.6;160.0;0.7379454926624738;east-west;long;tilt;0.3085388090353726;38041.08525416751;82212.65394813045;123294.32842857142;0.0;0.0;0.0;118233.246;228.29403370236955;0.0;77.95304355362195;0.0
124;10.0;pv;47.3919311502833;8.17562676986709;190.0;190.0;20.0;0.6;136.0;0.6272536687631027;east-west;short;tilt;0.2938251523508857;36226.974834525136;70459.15552255043;123294.32842857142;0.0;0.0;0.0;118233.246;230.1836124765533;0.0;74.2356041691089;0.0
125;10.0;pv;47.3919311502833;8.17562676986709;190.0;180.0;36.0;1.3237964220506415;88.0;0.4058700209643606;portrait;south;tilt;0.247111184323713;30467.407518381122;51186.53362817446;123294.32842857142;0.0;0.0;0.0;118233.246;258.4335682478579;0.0;62.433212127830174;0.0
126;10.0;pv;47.3919311502833;8.17562676986709;190.0;180.0;7.0;0.6;112.0;0.5165618448637317;portrait;south;max4dist;0.2726129454318558;33611.63002795545;61944.721722642964;123294.32842857142;0.0;0.0;0.0;118233.246;245.7322514844972;0.0;68.87629104089231;0.0
127;10.0;pv;47.3919311502833;8.17562676986709;190.0;180.0;46.0;1.6200805484876288;81.0;0.3735849056603774;portrait;south;tilt+10;0.23478978059455213;28948.248320296934;46148.174714061104;123294.32842857142;0.0;0.0;0.0;118233.246;253.13102954185698;0.0;59.320180984215035;0.0
128;10.0;pv;47.3919311502833;8.17562676986709;190.0;180.0;56.0;1.8671393472591333;79.0;0.36436058700209645;portrait;south;tilt+20;0.22652324218275705;27929.03101838567;43170.42139935833;123294.32842857142;0.0;0.0;0.0;118233.246;242.79239147472512;0.0;57.2316209393149;0.0
129;10.0;pv;47.3919311502833;8.17562676986709;190.0;190.0;36.0;1.3237964220506415;100.0;0.4612159329140461;portrait;long;tilt;0.2607758608203631;32152.184630229272;58277.62034063056;123294.32842857142;0.0;0.0;0.0;118233.246;258.927206617742;0.0;65.8856242422731;0.0
130;10.0;pv;47.3919311502833;8.17562676986709;190.0;190.0;7.0;0.6;120.0;0.5534591194968553;portrait;long;max4dist;0.2803749150146946;34568.63685495455;66409.67419316532;123294.32842857142;0.0;0.0;0.0;118233.246;245.88157127219836;0.0;70.83737060441507;0.0
131;10.0;pv;47.3919311502833;8.17562676986709;190.0;190.0;46.0;1.6200805484876288;100.0;0.4612159329140461;portrait;long;tilt+10;0.25656259819493366;31632.713244333758;57049.561623259695;123294.32842857142;0.0;0.0;0.0;118233.246;253.4709472270387;0.0;64.82113369740524;0.0
132;10.0;pv;47.3919311502833;8.17562676986709;190.0;190.0;56.0;1.8671393472591333;80.0;0.3689727463312369;portrait;long;tilt+20;0.2271664990871147;28008.34094641549;43853.05899832673;123294.32842857142;0.0;0.0;0.0;118233.246;243.54868133152306;0.0;57.39414128363831;0.0
133;10.0;pv;47.3919311502833;8.17562676986709;190.0;100.0;10.0;0.6;108.0;0.4981132075471698;portrait;short;tilt;0.26369907825460015;32512.600760634225;57133.200055269874;123294.32842857142;0.0;0.0;0.0;118233.246;235.03940037640518;0.0;66.62418188654554;0.0
134;10.0;pv;47.3919311502833;8.17562676986709;190.0;100.0;7.0;0.6;108.0;0.4981132075471698;portrait;short;max4dist;0.264430242348934;32602.749146616203;57314.63003748434;123294.32842857142;0.0;0.0;0.0;118233.246;235.78578241327236;0.0;66.80891218568894;0.0
135;10.0;pv;47.3919311502833;8.17562676986709;190.0;100.0;20.0;0.7702898979481008;100.0;0.4612159329140461;portrait;short;tilt+10;0.2525797366511168;31141.649005064875;52068.98828213891;123294.32842857142;0.0;0.0;0.0;118233.246;231.34228214027817;0.0;63.81485451857557;0.0
136;10.0;pv;47.3919311502833;8.17562676986709;190.0;100.0;30.0;1.1260884965109161;88.0;0.4058700209643606;portrait;short;tilt+20;0.23415071425716388;28869.455065407343;44712.21814343681;123294.32842857142;0.0;0.0;0.0;118233.246;225.74566512010736;0.0;59.158719396326525;0.0
