;bld_name;Techno;latitude;longitude;bld_azimut;cll_azimut;tilt;row_dist;N_panel;ratio;cll_layout;cll_alignment;Optimal tilt or max4dist;el cover ratio;el coverage;el production;el demand;th cover ratio;th coverage;th production;th demand;spec_prod_e;spec_prod_th;ICPe;ICPth
0;1.0;pv;47.3915213831329;8.17369509879299;120.0;180.0;20.0;0.6;1062.0;0.7004699480583725;east-west;south;tilt;0.39814390189015936;153530.5579133577;508079.1817616734;385615.7464285714;0.0;0.0;0.0;581488.101;230.26680699740444;0.0;48.739859655034195;0.0
1;1.0;solarCollector;47.3915213831329;8.17369509879299;120.0;180.0;20.0;0.6;1062.0;0.7004699480583725;east-west;south;tilt;0.0;0.0;0.0;219476.289;0.4252358149923725;247269.56653710204;1672480.3432071002;581488.101;0.0;757.9856097644052;0.0;78.4982750911435
2;1.0;pv;47.3915213831329;8.17369509879299;120.0;210.0;20.0;0.6;1110.0;0.7321296067276775;east-west;long;tilt;0.40242965730218705;155183.21268557705;529662.1456211198;385615.7464285714;0.0;0.0;0.0;581488.101;229.66795953948815;0.0;49.264511963675254;0.0
3;1.0;solarCollector;47.3915213831329;8.17369509879299;120.0;210.0;20.0;0.6;1110.0;0.7321296067276775;east-west;long;tilt;0.0;0.0;0.0;219476.289;0.4270757021296359;248339.43901460365;1743045.3927441393;581488.101;0.0;755.8057188829424;0.0;78.83791714749321
4;1.0;pv;47.3915213831329;8.17369509879299;120.0;120.0;20.0;0.6;1080.0;0.7123423200593618;east-west;short;tilt;0.3938085027339912;151858.75973168612;513273.3915140543;385615.7464285714;0.0;0.0;0.0;581488.101;228.74386264234147;0.0;48.209130073551144;0.0
5;1.0;solarCollector;47.3915213831329;8.17369509879299;120.0;120.0;20.0;0.6;1080.0;0.7123423200593618;east-west;short;tilt;0.0;0.0;0.0;219476.289;0.42483201811896115;247034.76345999233;1688367.1869803148;581488.101;0.0;752.432598871408;0.0;78.4237344317436
6;1.0;pv;47.3915213831329;8.17369509879299;120.0;180.0;35.0;1.291820563252348;660.0;0.43532030670294336;portrait;south;tilt;0.3367216690954992;129845.17776693536;354716.754297476;385615.7464285714;0.0;0.0;0.0;581488.101;258.67962439117883;0.0;41.220691354582655;0.0
7;1.0;solarCollector;47.3915213831329;8.17369509879299;120.0;180.0;35.0;1.291820563252348;660.0;0.43532030670294336;portrait;south;tilt;0.0;0.0;0.0;219476.289;0.3928243792506933;228422.70231698945;1182118.4558842848;581488.101;0.0;862.0679864971436;0.0;72.51514359269507
8;1.0;pv;47.3915213831329;8.17369509879299;120.0;180.0;7.0;0.6;872.0;0.575150465825707;portrait;south;max4dist;0.3717512138511898;143353.12181495404;445200.54054829513;385615.7464285714;0.0;0.0;0.0;581488.101;245.7330965264249;0.0;45.508927560302865;0.0
9;1.0;solarCollector;47.3915213831329;8.17369509879299;120.0;180.0;7.0;0.6;872.0;0.575150465825707;portrait;south;max4dist;0.0;0.0;0.0;219476.289;0.4115129124717235;239289.8620101617;1475307.3881659862;581488.101;0.0;814.311349163811;0.0;75.9650355587815
10;1.0;pv;47.3915213831329;8.17369509879299;120.0;180.0;45.0;1.5925603327834388;607.0;0.4003627669222525;portrait;south;tilt+10;0.3248765022720847;125277.49492075341;320194.00079394877;385615.7464285714;0.0;0.0;0.0;581488.101;253.89196383657622;0.0;39.77063330817569;0.0
11;1.0;solarCollector;47.3915213831329;8.17369509879299;120.0;180.0;45.0;1.5925603327834388;607.0;0.4003627669222525;portrait;south;tilt+10;0.0;0.0;0.0;219476.289;0.3831540115691898;222799.49857790023;1065586.1785964686;581488.101;0.0;844.9370283332396;0.0;70.72999954853975
12;1.0;pv;47.3915213831329;8.17369509879299;120.0;180.0;55.0;1.8449109624773168;578.0;0.38123505647621403;portrait;south;tilt+20;0.31510163097776306;121508.15063035036;293071.40453188046;385615.7464285714;0.0;0.0;0.0;581488.101;244.045083317349;0.0;38.5740160731271;0.0
13;1.0;solarCollector;47.3915213831329;8.17369509879299;120.0;180.0;55.0;1.8449109624773168;578.0;0.38123505647621403;portrait;south;tilt+20;0.0;0.0;0.0;219476.289;0.3741090178850731;217539.9423769662;972053.6442122227;581488.101;0.0;809.4440771852892;0.0;69.06029916729086
14;1.0;pv;47.3915213831329;8.17369509879299;120.0;120.0;32.0;1.1934949886627437;703.0;0.4636820842608624;portrait;long;tilt;0.3424177403554405;132041.67253754794;346401.5800832792;385615.7464285714;0.0;0.0;0.0;581488.101;237.16412454729692;0.0;41.91799128176125;0.0
15;1.0;solarCollector;47.3915213831329;8.17369509879299;120.0;120.0;32.0;1.1934949886627437;703.0;0.4636820842608624;portrait;long;tilt;0.0;0.0;0.0;219476.289;0.38218102501280854;222233.71847293156;1144422.1198843678;581488.101;0.0;783.5295384902288;0.0;70.55038681680368
16;1.0;pv;47.3915213831329;8.17369509879299;120.0;120.0;7.0;0.6;888.0;0.585703685382142;portrait;long;max4dist;0.37048557780825664;142865.07262755145;441471.2429205613;385615.7464285714;0.0;0.0;0.0;581488.101;239.28413705596165;0.0;45.3539913103338;0.0
17;1.0;solarCollector;47.3915213831329;8.17369509879299;120.0;120.0;7.0;0.6;888.0;0.585703685382142;portrait;long;max4dist;0.0;0.0;0.0;219476.289;0.407924087703223;237203.00311070462;1459086.882739321;581488.101;0.0;790.8473116306138;0.0;75.30254067006496
18;1.0;pv;47.3915213831329;8.17369509879299;120.0;120.0;42.0;1.5070296163053125;666.0;0.43927776403660646;portrait;long;tilt+10;0.3334409177196863;128580.0683763047;319697.29802719055;385615.7464285714;0.0;0.0;0.0;581488.101;231.04107248747525;0.0;40.819069325811014;0.0
19;1.0;solarCollector;47.3915213831329;8.17369509879299;120.0;120.0;42.0;1.5070296163053125;666.0;0.43927776403660646;portrait;long;tilt+10;0.0;0.0;0.0;219476.289;0.3717540923138921;216170.58117858385;1053707.1242966792;581488.101;0.0;761.5004117566627;0.0;68.62558132653456
20;1.0;pv;47.3915213831329;8.17369509879299;120.0;120.0;52.0;1.7747739116502261;629.0;0.4148734438123506;portrait;long;tilt+20;0.3227448624018879;124455.50102109056;289887.7365608983;385615.7464285714;0.0;0.0;0.0;581488.101;221.82150785746683;0.0;39.50968286383828;0.0
21;1.0;solarCollector;47.3915213831329;8.17369509879299;120.0;120.0;52.0;1.7747739116502261;629.0;0.4148734438123506;portrait;long;tilt+20;0.0;0.0;0.0;219476.289;0.3600987914694682;209393.1624239761;951736.6495849934;581488.101;0.0;728.2669532652222;0.0;66.47401981713527
22;1.0;pv;47.3915213831329;8.17369509879299;120.0;210.0;35.0;1.291820563252348;666.0;0.43927776403660646;portrait;short;tilt;0.33527725358165483;129288.18840041124;355685.20798110735;385615.7464285714;0.0;0.0;0.0;581488.101;257.04906618540275;0.0;41.04386933346388;0.0
23;1.0;solarCollector;47.3915213831329;8.17369509879299;120.0;210.0;35.0;1.291820563252348;666.0;0.43927776403660646;portrait;short;tilt;0.0;0.0;0.0;219476.289;0.3852416172034762;224013.41641381834;1184684.2087226224;581488.101;0.0;856.1558443918137;0.0;71.11537029010105
24;1.0;pv;47.3915213831329;8.17369509879299;120.0;210.0;7.0;0.6;882.0;0.5817462280484789;portrait;short;max4dist;0.3738179012909106;144150.0690346565;449519.38143666106;385615.7464285714;0.0;0.0;0.0;581488.101;245.3038088689694;0.0;45.76192667766873;0.0
25;1.0;solarCollector;47.3915213831329;8.17369509879299;120.0;210.0;7.0;0.6;882.0;0.5817462280484789;portrait;short;max4dist;0.0;0.0;0.0;219476.289;0.41295073597143783;240125.9392665838;1489347.1555998838;581488.101;0.0;812.7403290803275;0.0;76.2304569100266
26;1.0;pv;47.3915213831329;8.17369509879299;120.0;210.0;45.0;1.5925603327834388;612.0;0.4036606480336384;portrait;short;tilt+10;0.3229209196899754;124523.39148365063;320832.85227632034;385615.7464285714;0.0;0.0;0.0;581488.101;252.32011005158012;0.0;39.53123539163512;0.0
27;1.0;solarCollector;47.3915213831329;8.17369509879299;120.0;210.0;45.0;1.5925603327834388;612.0;0.4036606480336384;portrait;short;tilt+10;0.0;0.0;0.0;219476.289;0.3724370282287582;216567.700286824;1067162.8497530802;581488.101;0.0;839.2739265390024;0.0;68.75165088470604
28;1.0;pv;47.3915213831329;8.17369509879299;120.0;210.0;55.0;1.8449109624773168;576.0;0.37991590403165965;portrait;short;tilt+20;0.3108053572091283;119851.43981419677;290856.8538696289;385615.7464285714;0.0;0.0;0.0;581488.101;243.04196845959606;0.0;38.04807613149104;0.0
29;1.0;solarCollector;47.3915213831329;8.17369509879299;120.0;210.0;55.0;1.8449109624773168;576.0;0.37991590403165965;portrait;short;tilt+20;0.0;0.0;0.0;219476.289;0.35946950408779155;209027.23929942166;964410.1197412858;581488.101;0.0;805.8676657808404;0.0;66.35785374584815
30;2.0;pv;47.3908770952576;8.17348612476866;190.0;180.0;20.0;0.6;430.0;0.7000407000407001;east-west;south;tilt;0.20097184378129132;148771.10801155324;209555.78161935517;740258.4621428571;0.0;0.0;0.0;996913.9430000001;230.26769026777978;0.0;114.43931385504095;0.0
31;2.0;solarCollector;47.3908770952576;8.17348612476866;190.0;180.0;20.0;0.6;430.0;0.7000407000407001;east-west;south;tilt;0.0;0.0;0.0;455425.907;0.2662719993804606;265450.26881286857;689809.9437088656;996913.9430000001;0.0;757.9888334940441;0.0;204.19251447143736
32;2.0;pv;47.3908770952576;8.17348612476866;190.0;100.0;20.0;0.6;450.0;0.7326007326007326;east-west;long;tilt;0.20418199662749273;151147.45082072582;217424.4455538749;740258.4621428571;0.0;0.0;0.0;996913.9430000001;228.29566783156866;0.0;116.26726986209678;0.0
33;2.0;solarCollector;47.3908770952576;8.17348612476866;190.0;100.0;20.0;0.6;450.0;0.7326007326007326;east-west;long;tilt;0.0;0.0;0.0;455425.907;0.2672838845465359;266459.0312436439;715046.6796022638;996913.9430000001;0.0;750.7990135823771;0.0;204.96848557203379
34;2.0;pv;47.3908770952576;8.17348612476866;190.0;190.0;20.0;0.6;432.0;0.7032967032967034;east-west;short;tilt;0.20147266957145796;149141.84854078348;210455.0578795801;740258.4621428571;0.0;0.0;0.0;996913.9430000001;230.1852195557907;0.0;114.72449887752576;0.0
35;2.0;solarCollector;47.3908770952576;8.17348612476866;190.0;190.0;20.0;0.6;432.0;0.7032967032967034;east-west;short;tilt;0.0;0.0;0.0;455425.907;0.26662568546620324;265802.8634031905;692743.342481161;996913.9430000001;0.0;757.6880308387698;0.0;204.46374107937731
36;2.0;pv;47.3908770952576;8.17348612476866;190.0;180.0;35.0;1.2918597308489455;265.0;0.4314204314204314;portrait;south;tilt;0.1592382766535903;117877.48178986559;145079.61928231906;740258.4621428571;0.0;0.0;0.0;996913.9430000001;258.6796985316821;0.0;90.6749859922043;0.0
37;2.0;solarCollector;47.3908770952576;8.17348612476866;190.0;180.0;35.0;1.2918597308489455;265.0;0.4314204314204314;portrait;south;tilt;0.0;0.0;0.0;455425.907;0.2353023465194873;234576.19006589445;483488.01699457783;996913.9430000001;0.0;862.0682567167473;0.0;180.4432231276111
38;2.0;pv;47.3908770952576;8.17348612476866;190.0;180.0;7.0;0.6;351.0;0.5714285714285714;portrait;south;max4dist;0.18298578037055033;135456.7723711142;182545.1934378106;740258.4621428571;0.0;0.0;0.0;996913.9430000001;245.73391424320656;0.0;104.19751720854939;0.0
39;2.0;solarCollector;47.3908770952576;8.17348612476866;190.0;180.0;7.0;0.6;351.0;0.5714285714285714;portrait;south;max4dist;0.0;0.0;0.0;455425.907;0.2514794733680769;250703.39337893308;604919.2178743338;996913.9430000001;0.0;814.314331753911;0.0;192.8487641376408
40;2.0;pv;47.3908770952576;8.17348612476866;190.0;180.0;45.0;1.5926086187160564;245.0;0.39886039886039887;portrait;south;tilt+10;0.14993402194427344;110989.92850736124;131647.5736728899;740258.4621428571;0.0;0.0;0.0;996913.9430000001;253.89174922628766;0.0;85.37686808258557;0.0
41;2.0;solarCollector;47.3908770952576;8.17348612476866;190.0;180.0;45.0;1.5926086187160564;245.0;0.39886039886039887;portrait;south;tilt+10;0.0;0.0;0.0;455425.907;0.2271672106564383;226466.15969582155;438115.0898648118;996913.9430000001;0.0;844.93624473928;0.0;174.20473822755503
42;2.0;pv;47.3908770952576;8.17348612476866;190.0;180.0;55.0;1.844966899602326;234.0;0.38095238095238093;portrait;south;tilt+20;0.14212358266062328;105208.18473458623;120860.17616008437;740258.4621428571;0.0;0.0;0.0;996913.9430000001;244.04458647709347;0.0;80.92937287275863;0.0
43;2.0;solarCollector;47.3908770952576;8.17348612476866;190.0;180.0;55.0;1.844966899602326;234.0;0.38095238095238093;portrait;south;tilt+20;0.0;0.0;0.0;455425.907;0.2193045160601537;218627.72982323467;400866.64488108526;996913.9430000001;0.0;809.4422637021914;0.0;168.1751767871036
44;2.0;pv;47.3908770952576;8.17348612476866;190.0;190.0;35.0;1.2918597308489455;285.0;0.463980463980464;portrait;long;tilt;0.16675793473376707;123443.97231613735;156337.94395287626;740258.4621428571;0.0;0.0;0.0;996913.9430000001;259.1918544481896;0.0;94.95690178164412;0.0
45;2.0;solarCollector;47.3908770952576;8.17348612476866;190.0;190.0;35.0;1.2918597308489455;285.0;0.463980463980464;portrait;long;tilt;0.0;0.0;0.0;455425.907;0.24168332413573818;240937.47562150584;521107.2435058375;996913.9430000001;0.0;863.9409563386253;0.0;185.33651970885063
46;2.0;pv;47.3908770952576;8.17348612476866;190.0;190.0;7.0;0.6;360.0;0.5860805860805861;portrait;long;max4dist;0.18595368078395624;137653.7857669352;187339.54007839473;740258.4621428571;0.0;0.0;0.0;996913.9430000001;245.88314635289305;0.0;105.8875275130271;0.0
47;2.0;solarCollector;47.3908770952576;8.17348612476866;190.0;190.0;7.0;0.6;360.0;0.5860805860805861;portrait;long;max4dist;0.0;0.0;0.0;455425.907;0.25414648267595524;253362.17214406776;620842.3086789342;996913.9430000001;0.0;814.8555301411012;0.0;194.89397857235983
48;2.0;pv;47.3908770952576;8.17348612476866;190.0;190.0;45.0;1.5926086187160564;255.0;0.41514041514041516;portrait;long;tilt+10;0.1536085642338571;113710.03953172735;137208.90517944936;740258.4621428571;0.0;0.0;0.0;996913.9430000001;254.24003018545028;0.0;87.4692611782518;0.0
49;2.0;solarCollector;47.3908770952576;8.17348612476866;190.0;190.0;45.0;1.5926086187160564;255.0;0.41514041514041516;portrait;long;tilt+10;0.0;0.0;0.0;455425.907;0.22941638734813752;228708.3953000471;456689.8693340042;996913.9430000001;0.0;846.2194637659488;0.0;175.92953484619008
50;2.0;pv;47.3908770952576;8.17348612476866;190.0;190.0;55.0;1.844966899602326;240.0;0.3907203907203907;portrait;long;tilt+20;0.14431939110303943;106833.65051532951;124310.94451512233;740258.4621428571;0.0;0.0;0.0;996913.9430000001;244.7371720141471;0.0;82.17973116563809;0.0
51;2.0;solarCollector;47.3908770952576;8.17348612476866;190.0;190.0;55.0;1.844966899602326;240.0;0.3907203907203907;portrait;long;tilt+20;0.0;0.0;0.0;455425.907;0.2203966467016828;219716.49008735255;412448.6701093499;996913.9430000001;0.0;812.0083192777826;0.0;169.01268468257888
52;2.0;pv;47.3908770952576;8.17348612476866;190.0;100.0;32.0;1.1935311750585842;288.0;0.46886446886446886;portrait;short;tilt;0.1516125049415447;112232.43974965421;136769.2130953125;740258.4621428571;0.0;0.0;0.0;996913.9430000001;224.38699023449706;0.0;86.33264596127246;0.0
53;2.0;solarCollector;47.3908770952576;8.17348612476866;190.0;100.0;32.0;1.1935311750585842;288.0;0.46886446886446886;portrait;short;tilt;0.0;0.0;0.0;455425.907;0.22018452441141922;219505.0224185677;449154.5084708467;996913.9430000001;0.0;736.8941154599828;0.0;168.8500172450521
54;2.0;pv;47.3908770952576;8.17348612476866;190.0;100.0;7.0;0.6;360.0;0.5860805860805861;portrait;short;max4dist;0.18057597428690397;133672.89302557166;179648.10904326884;740258.4621428571;0.0;0.0;0.0;996913.9430000001;235.78814311929034;0.0;102.8253023273628;0.0
55;2.0;solarCollector;47.3908770952576;8.17348612476866;190.0;100.0;7.0;0.6;360.0;0.5860805860805861;portrait;short;max4dist;0.0;0.0;0.0;455425.907;0.24599943755396203;245240.2692677026;592838.9296623481;996913.9430000001;0.0;778.1010951818319;0.0;188.64636097515586
56;2.0;pv;47.3908770952576;8.17348612476866;190.0;100.0;42.0;1.5070753089732811;252.0;0.41025641025641024;portrait;short;tilt+10;0.1340174545586075;99207.55481185502;115436.31441009098;740258.4621428571;0.0;0.0;0.0;996913.9430000001;216.4430895189206;0.0;76.31350370142694;0.0
57;2.0;solarCollector;47.3908770952576;8.17348612476866;190.0;100.0;42.0;1.5070753089732811;252.0;0.41025641025641024;portrait;short;tilt+10;0.0;0.0;0.0;455425.907;0.20456891074563527;203937.59942664634;377716.0729848768;996913.9430000001;0.0;708.2176368466439;0.0;156.87507648203564
58;2.0;pv;47.3908770952576;8.17348612476866;190.0;100.0;52.0;1.774827722241728;234.0;0.38095238095238093;portrait;short;tilt+20;0.12133794832703704;89821.4430281419;102219.00033888569;740258.4621428571;0.0;0.0;0.0;996913.9430000001;206.4037506842884;0.0;69.09341771395532;0.0
59;2.0;solarCollector;47.3908770952576;8.17348612476866;190.0;100.0;52.0;1.774827722241728;234.0;0.38095238095238093;portrait;short;tilt+20;0.0;0.0;0.0;455425.907;0.19361569525166591;193018.18618002467;332795.82580655866;996913.9430000001;0.0;671.9915713401666;0.0;148.47552783078822
60;3.0;pv;47.3904716784545;8.17518754686738;190.0;180.0;20.0;0.6;194.0;0.6298701298701299;east-west;south;tilt;0.27312185325880695;80340.13841727498;97901.32628280699;294154.92557142855;0.0;0.0;0.0;17959.194999999996;230.2681061100004;0.0;119.02242728485182;0.0
61;3.0;solarCollector;47.3904716784545;8.17518754686738;190.0;180.0;20.0;0.6;194.0;0.6298701298701299;east-west;south;tilt;0.0;0.0;0.0;289023.7270000001;0.764523896578132;13730.233740806503;322268.9495874941;17959.194999999996;0.0;757.9903510725328;0.0;20.341087023417042
62;3.0;pv;47.3904716784545;8.17518754686738;190.0;100.0;20.0;0.6;210.0;0.6818181818181818;east-west;long;tilt;0.2885642745965953;84882.60271653476;105068.03040230126;294154.92557142855;0.0;0.0;0.0;17959.194999999996;228.29596729388916;0.0;125.75200402449595;0.0
63;3.0;solarCollector;47.3904716784545;8.17518754686738;190.0;100.0;20.0;0.6;210.0;0.6818181818181818;east-west;long;tilt;0.0;0.0;0.0;289023.7270000001;0.7658733935049478;13754.469619267087;345538.68549308775;17959.194999999996;0.0;750.800106750413;0.0;20.37699202854383
64;3.0;pv;47.3904716784545;8.17518754686738;190.0;190.0;20.0;0.6;204.0;0.6623376623376623;east-west;short;tilt;0.28419191925058856;83596.4528551583;102910.91004260616;294154.92557142855;0.0;0.0;0.0;17959.194999999996;230.18562304373785;0.0;123.84659682245675;0.0
65;3.0;solarCollector;47.3904716784545;8.17518754686738;190.0;190.0;20.0;0.6;204.0;0.6623376623376623;east-west;short;tilt;0.0;0.0;0.0;289023.7270000001;0.76579876629608;13753.129374670725;338746.24869784765;17959.194999999996;0.0;757.6895032602547;0.0;20.37500648099367
66;3.0;pv;47.3904716784545;8.17518754686738;190.0;180.0;35.0;1.2918843779945017;127.0;0.41233766233766234;portrait;south;tilt;0.21129025660019665;62152.06970419889;71997.70991081563;294154.92557142855;0.0;0.0;0.0;17959.194999999996;258.6794360166954;0.0;92.07714030251688;0.0
67;3.0;solarCollector;47.3904716784545;8.17518754686738;190.0;180.0;35.0;1.2918843779945017;127.0;0.41233766233766234;portrait;south;tilt;0.0;0.0;0.0;289023.7270000001;0.7504380257401205;13477.262839681842;239937.40002749127;17959.194999999996;0.0;862.0672990197411;0.0;19.966315318047172
68;3.0;pv;47.3904716784545;8.17518754686738;190.0;180.0;7.0;0.6;166.0;0.538961038961039;portrait;south;max4dist;0.2527916568685653;74359.91101125094;89397.74559533007;294154.92557142855;0.0;0.0;0.0;17959.194999999996;245.7340976649858;0.0;110.16283112777916;0.0
69;3.0;solarCollector;47.3904716784545;8.17518754686738;190.0;180.0;7.0;0.6;166.0;0.538961038961039;portrait;south;max4dist;0.0;0.0;0.0;289023.7270000001;0.7628356073805128;13699.913425890067;296246.74082445237;17959.194999999996;0.0;814.3150037834121;0.0;20.296168038355653
70;3.0;pv;47.3904716784545;8.17518754686738;190.0;180.0;45.0;1.5926390037923168;118.0;0.38311688311688313;portrait;south;tilt+10;0.19544468817410807;57491.01770318582;65657.27864773787;294154.92557142855;0.0;0.0;0.0;17959.194999999996;253.89129721912443;0.0;85.17187807879381;0.0
71;3.0;solarCollector;47.3904716784545;8.17518754686738;190.0;180.0;45.0;1.5926390037923168;118.0;0.38311688311688313;portrait;south;tilt+10;0.0;0.0;0.0;289023.7270000001;0.7435865195559408;13354.215304076452;218503.37821336155;17959.194999999996;0.0;844.9345949744552;0.0;19.784022672705852
72;3.0;pv;47.3904716784545;8.17518754686738;190.0;180.0;55.0;1.845002099374124;114.0;0.37012987012987014;portrait;south;tilt+20;0.18356152561119965;53995.52690394031;60971.3721521758;294154.92557142855;0.0;0.0;0.0;17959.194999999996;244.04395871176277;0.0;79.99337319102267;0.0
73;3.0;solarCollector;47.3904716784545;8.17518754686738;190.0;180.0;55.0;1.845002099374124;114.0;0.37012987012987014;portrait;south;tilt+20;0.0;0.0;0.0;289023.7270000001;0.7364706300256221;13226.419656402999;202228.59014692318;17959.194999999996;0.0;809.4399709584449;0.0;19.5946957872637
74;3.0;pv;47.3904716784545;8.17518754686738;190.0;190.0;35.0;1.2918843779945017;147.0;0.4772727272727273;portrait;long;tilt;0.23922634507783744;70369.60773109616;83501.0037118814;294154.92557142855;0.0;0.0;0.0;17959.194999999996;259.1918281003726;0.0;104.25127071273505;0.0
75;3.0;solarCollector;47.3904716784545;8.17518754686738;190.0;190.0;35.0;1.2918843779945017;147.0;0.4772727272727273;portrait;long;tilt;0.0;0.0;0.0;289023.7270000001;0.7555938965498;13569.858128947682;278326.40123468265;17959.194999999996;0.0;863.9408574480449;0.0;20.103493524366936
76;3.0;pv;47.3904716784545;8.17518754686738;190.0;190.0;7.0;0.6;189.0;0.6136363636363636;portrait;long;max4dist;0.28135836416625676;82762.94867022414;101846.01798205207;294154.92557142855;0.0;0.0;0.0;17959.194999999996;245.8833904642135;0.0;122.61177580773946;0.0
77;3.0;solarCollector;47.3904716784545;8.17518754686738;190.0;190.0;7.0;0.6;189.0;0.6136363636363636;portrait;long;max4dist;0.0;0.0;0.0;289023.7270000001;0.7661313945687898;13759.103110682832;337517.2339742519;17959.194999999996;0.0;814.8564222149291;0.0;20.383856460270863
78;3.0;pv;47.3904716784545;8.17518754686738;190.0;190.0;45.0;1.5926390037923168;126.0;0.4090909090909091;portrait;long;tilt+10;0.20684034730768783;60843.106967461346;70204.912131219;294154.92557142855;0.0;0.0;0.0;17959.194999999996;254.24001101017578;0.0;90.13793624809088;0.0
79;3.0;solarCollector;47.3904716784545;8.17518754686738;190.0;190.0;45.0;1.5926390037923168;126.0;0.4090909090909091;portrait;long;tilt+10;0.0;0.0;0.0;289023.7270000001;0.746014603622216;13397.821739299081;233671.94543679824;17959.194999999996;0.0;846.2193908822323;0.0;19.848624798961602
80;3.0;pv;47.3904716784545;8.17518754686738;190.0;190.0;55.0;1.845002099374124;126.0;0.4090909090909091;portrait;long;tilt+20;0.20027751726530274;58912.61818480562;67580.77609359736;294154.92557142855;0.0;0.0;0.0;17959.194999999996;244.73696692331552;0.0;87.2779528663787;0.0
81;3.0;solarCollector;47.3904716784545;8.17518754686738;190.0;190.0;55.0;1.845002099374124;126.0;0.4090909090909091;portrait;long;tilt+20;0.0;0.0;0.0;289023.7270000001;0.7405062914167907;13298.896886280967;224224.81739201205;17959.194999999996;0.0;812.0075691562577;0.0;19.702069461156988
82;3.0;pv;47.3904716784545;8.17518754686738;190.0;100.0;0.0;0.6;162.0;0.525974025974026;portrait;short;tilt;0.24002852445131798;70605.57274499726;84003.12950337538;294154.92557142855;0.0;0.0;0.0;17959.194999999996;236.60689425733534;0.0;104.60084851110706;0.0
83;3.0;solarCollector;47.3904716784545;8.17518754686738;190.0;100.0;0.0;0.6;162.0;0.525974025974026;portrait;short;tilt;0.0;0.0;0.0;289023.7270000001;0.7604961671893277;13657.898963305734;277282.9721604732;17959.194999999996;0.0;781.0073655731663;0.0;20.233924390082567
84;3.0;pv;47.3904716784545;8.17518754686738;190.0;100.0;7.0;0.6;168.0;0.5454545454545454;portrait;short;max4dist;0.24508784310877488;72093.79624812363;86812.86532494595;294154.92557142855;0.0;0.0;0.0;17959.194999999996;235.78802927763098;0.0;106.80562407129426;0.0
85;3.0;solarCollector;47.3904716784545;8.17518754686738;190.0;100.0;7.0;0.6;168.0;0.5454545454545454;portrait;short;max4dist;0.0;0.0;0.0;289023.7270000001;0.7577586147412153;13608.734725067357;286482.5265138804;17959.194999999996;0.0;778.1006892969592;0.0;20.16108848158127
86;3.0;pv;47.3904716784545;8.17518754686738;190.0;100.0;10.0;0.6;168.0;0.5454545454545454;portrait;short;tilt+10;0.24375819883036778;71702.67483437232;86538.05183704024;294154.92557142855;0.0;0.0;0.0;17959.194999999996;235.04162227344264;0.0;106.22618493981084;0.0
87;3.0;solarCollector;47.3904716784545;8.17518754686738;190.0;100.0;10.0;0.6;168.0;0.5454545454545454;portrait;short;tilt+10;0.0;0.0;0.0;289023.7270000001;0.7570173259456753;13595.421775036939;285490.206751156;17959.194999999996;0.0;775.4054998179547;0.0;20.141365592647315
88;3.0;pv;47.3904716784545;8.17518754686738;190.0;100.0;20.0;0.7703428037121212;156.0;0.5064935064935064;portrait;short;tilt+20;0.22435596050016732;65995.41086243308;79092.7487905022;294154.92557142855;0.0;0.0;0.0;17959.194999999996;231.3444124166636;0.0;97.77097905545642;0.0
89;3.0;solarCollector;47.3904716784545;8.17518754686738;190.0;100.0;20.0;0.7703428037121212;156.0;0.5064935064935064;portrait;short;tilt+20;0.0;0.0;0.0;289023.7270000001;0.7512475908039632;13491.801976528579;260525.24154275603;17959.194999999996;0.0;762.0301462029332;0.0;19.98785478004234
90;4.0;pv;47.3908561583741;8.17526703615238;190.0;180.0;20.0;0.6;270.0;0.6360864745011086;east-west;south;tilt;0.305509141171674;65472.96006415186;134606.01705384412;214307.6957142857;0.0;0.0;0.0;288274.44;230.2675824723139;0.0;71.24369974336437;0.0
91;4.0;solarCollector;47.3908561583741;8.17526703615238;190.0;180.0;20.0;0.6;270.0;0.6360864745011086;east-west;south;tilt;0.0;0.0;0.0;131943.57;0.36970256819461983;106575.80081286584;443092.35271081066;288274.44;0.0;757.9884399214857;0.0;115.9693153567637
92;4.0;pv;47.3908561583741;8.17526703615238;190.0;100.0;20.0;0.6;300.0;0.7067627494456762;east-west;long;tilt;0.31416209639175957;67327.35495848731;148281.3198246606;214307.6957142857;0.0;0.0;0.0;288274.44;228.295462641565;0.0;73.26153967191219;0.0
93;4.0;solarCollector;47.3908561583741;8.17526703615238;190.0;100.0;20.0;0.6;300.0;0.7067627494456762;east-west;long;tilt;0.0;0.0;0.0;131943.57;0.37701909398926675;108684.96818906323;487654.710048671;288274.44;0.0;750.7982648896308;0.0;118.26438323075433
94;4.0;pv;47.3908561583741;8.17526703615238;190.0;190.0;20.0;0.6;294.0;0.6926274944567627;east-west;short;tilt;0.3160770039938127;67737.73439418909;146518.49197324627;214307.6957142857;0.0;0.0;0.0;288274.44;230.1850964714384;0.0;73.70808965635374;0.0
95;4.0;solarCollector;47.3908561583741;8.17526703615238;190.0;190.0;20.0;0.6;294.0;0.6926274944567627;east-west;short;tilt;0.0;0.0;0.0;131943.57;0.37820526946122324;109026.91225898323;482286.8357431773;288274.44;0.0;757.6875813922451;0.0;118.63646600542243
96;4.0;pv;47.3908561583741;8.17526703615238;190.0;180.0;35.0;1.291861003678813;176.0;0.4146341463414634;portrait;south;tilt;0.26036783059523316;55798.82981299192;98569.46967970017;214307.6957142857;0.0;0.0;0.0;288274.44;258.67939940265677;0.0;60.71689859955595;0.0
97;4.0;solarCollector;47.3908561583741;8.17526703615238;190.0;180.0;35.0;1.291861003678813;176.0;0.4146341463414634;portrait;south;tilt;0.0;0.0;0.0;131943.57;0.34049532085058276;98156.09794082207;328489.6421486098;288274.44;0.0;862.0671655951484;0.0;106.80750592037221
98;4.0;pv;47.3908561583741;8.17526703615238;190.0;180.0;7.0;0.6;231.0;0.5442073170731707;portrait;south;max4dist;0.2885629858589216;61841.2685678595;122897.90022806935;214307.6957142857;0.0;0.0;0.0;288274.44;245.7336178638134;0.0;67.29191356676768;0.0
99;4.0;solarCollector;47.3908561583741;8.17526703615238;190.0;180.0;7.0;0.6;231.0;0.5442073170731707;portrait;south;max4dist;0.0;0.0;0.0;131943.57;0.35856247377563694;103364.39633268642;407259.65731445793;288274.44;0.0;814.3132536531439;0.0;112.4748599920418
100;4.0;pv;47.3908561583741;8.17526703615238;190.0;180.0;45.0;1.5926101878646015;167.0;0.3934312638580931;portrait;south;tilt+10;0.2519774702043232;54000.7110114036;91797.8323906789;214307.6957142857;0.0;0.0;0.0;288274.44;253.89143310938343;0.0;58.76029489815407;0.0
101;4.0;solarCollector;47.3908561583741;8.17526703615238;190.0;180.0;45.0;1.5926101878646015;167.0;0.3934312638580931;portrait;south;tilt+10;0.0;0.0;0.0;131943.57;0.33361367750424664;96172.2960588773;305497.54643703945;288274.44;0.0;844.935091127229;0.0;104.64885316526366
102;4.0;pv;47.3908561583741;8.17526703615238;190.0;180.0;55.0;1.8449687173917644;160.0;0.37694013303769397;portrait;south;tilt+20;0.24291902755668165;52059.41704082752;84538.88072051741;214307.6957142857;0.0;0.0;0.0;288274.44;244.0442629773626;0.0;56.647896671194246;0.0
103;4.0;solarCollector;47.3908561583741;8.17526703615238;190.0;180.0;55.0;1.8449687173917644;160.0;0.37694013303769397;portrait;south;tilt+20;0.0;0.0;0.0;131943.57;0.32466584597398956;93592.86493527809;280396.85182697466;288274.44;0.0;809.4410815718209;0.0;101.84207283490542
104;4.0;pv;47.3908561583741;8.17526703615238;190.0;190.0;35.0;1.291861003678813;200.0;0.4711751662971175;portrait;long;tilt;0.27408918723681774;58739.422136923815;112232.64054030117;214307.6957142857;0.0;0.0;0.0;288274.44;259.1918114762892;0.0;63.91667261906834;0.0
105;4.0;solarCollector;47.3908561583741;8.17526703615238;190.0;190.0;35.0;1.291861003678813;200.0;0.4711751662971175;portrait;long;tilt;0.0;0.0;0.0;131943.57;0.35214422661432887;101514.17972647875;374094.9852263792;288274.44;0.0;863.9407967079153;0.0;110.4615666229366
106;4.0;pv;47.3908561583741;8.17526703615238;190.0;190.0;7.0;0.6;250.0;0.5889689578713968;portrait;long;max4dist;0.2978118067141334;63823.36205341417;133087.19523296793;214307.6957142857;0.0;0.0;0.0;288274.44;245.88291641838234;0.0;69.44870734865525;0.0
107;4.0;solarCollector;47.3908561583741;8.17526703615238;190.0;190.0;7.0;0.6;250.0;0.5889689578713968;portrait;long;max4dist;0.0;0.0;0.0;131943.57;0.3666084553355278;105683.8471611143;441050.2654118199;288274.44;0.0;814.8546924948328;0.0;114.99874555072284
108;4.0;pv;47.3908561583741;8.17526703615238;190.0;190.0;45.0;1.5926101878646015;175.0;0.4122782705099778;portrait;long;tilt+10;0.2565574732076661;54982.24090141451;96327.46285539815;214307.6957142857;0.0;0.0;0.0;288274.44;254.24016677409793;0.0;59.828336127763336;0.0
109;4.0;solarCollector;47.3908561583741;8.17526703615238;190.0;190.0;45.0;1.5926101878646015;175.0;0.4122782705099778;portrait;long;tilt+10;0.0;0.0;0.0;131943.57;0.334233695905717;96351.03151635086;320618.9750900428;288274.44;0.0;846.2199593089856;0.0;104.84334223759615
110;4.0;pv;47.3908561583741;8.17526703615238;190.0;190.0;55.0;1.8449687173917644;175.0;0.4122782705099778;portrait;long;tilt+20;0.25202699003250917;54011.323491674295;92726.9668629771;214307.6957142857;0.0;0.0;0.0;288274.44;244.73726205255724;0.0;58.771842754814244;0.0
111;4.0;solarCollector;47.3908561583741;8.17526703615238;190.0;190.0;55.0;1.8449687173917644;175.0;0.4122782705099778;portrait;long;tilt+20;0.0;0.0;0.0;131943.57;0.32938056480941613;94951.99786731815;307656.8652249865;288274.44;0.0;812.0086463962484;0.0;103.32099876748438
112;4.0;pv;47.3908561583741;8.17526703615238;190.0;100.0;0.0;0.6;231.0;0.5442073170731707;portrait;short;tilt;0.28439356703677815;60947.73002761816;118333.0961210018;214307.6957142857;0.0;0.0;0.0;288274.44;236.60631930144868;0.0;66.31961918130376;0.0
113;4.0;solarCollector;47.3908561583741;8.17526703615238;190.0;100.0;0.0;0.6;231.0;0.5442073170731707;portrait;short;tilt;0.0;0.0;0.0;131943.57;0.35047942314815694;101034.25943955798;390601.4516395141;288274.44;0.0;781.0052708476857;0.0;109.93934650659193
114;4.0;pv;47.3908561583741;8.17526703615238;190.0;100.0;7.0;0.6;231.0;0.5442073170731707;portrait;short;max4dist;0.2842673477062023;60920.68025372786;117923.55888158565;214307.6957142857;0.0;0.0;0.0;288274.44;235.78745203597927;0.0;66.29018525976916;0.0
115;4.0;solarCollector;47.3908561583741;8.17526703615238;190.0;100.0;7.0;0.6;231.0;0.5442073170731707;portrait;short;max4dist;0.0;0.0;0.0;131943.57;0.34962615636856353;100788.2844365001;389147.74172730837;288274.44;0.0;778.0985865561894;0.0;109.67169144341685
116;4.0;pv;47.3908561583741;8.17526703615238;190.0;100.0;10.0;0.6;231.0;0.5442073170731707;portrait;short;tilt+10;0.28407711634596455;60879.912209262715;117550.26571206974;214307.6957142857;0.0;0.0;0.0;288274.44;235.04105457191548;0.0;66.24582394914331;0.0
117;4.0;solarCollector;47.3908561583741;8.17526703615238;190.0;100.0;10.0;0.6;231.0;0.5442073170731707;portrait;short;tilt+10;0.0;0.0;0.0;131943.57;0.348939296618332;100590.28032664355;387799.8213281395;288274.44;0.0;775.4034277644971;0.0;109.45623539351855
118;4.0;pv;47.3908561583741;8.17526703615238;190.0;100.0;20.0;0.7703288657497236;217.0;0.5112250554323725;portrait;short;tilt+20;0.27507231486684297;58950.113953907574;108689.01484480384;214307.6957142857;0.0;0.0;0.0;288274.44;231.34387741578703;0.0;64.1459346614881;0.0
119;4.0;solarCollector;47.3908561583741;8.17526703615238;190.0;100.0;20.0;0.7703288657497236;217.0;0.5112250554323725;portrait;short;tilt+20;0.0;0.0;0.0;131943.57;0.340309727555334;98102.59613756648;358012.9051230772;288274.44;0.0;762.0281935053586;0.0;106.74928850660118
120;5.0;pv;47.3915063967918;8.17534599326814;110.0;180.0;20.0;0.6;148.0;0.6098901098901099;east-west;south;tilt;0.3335595920829597;31977.780606036715;75134.00025089752;95868.26871428572;0.0;0.0;0.0;130230.729;230.26670111414242;0.0;59.771552534648066;0.0
121;5.0;solarCollector;47.3915063967918;8.17534599326814;110.0;180.0;20.0;0.6;148.0;0.6098901098901099;east-west;south;tilt;0.0;0.0;0.0;58659.489;0.39423435119253714;51341.426952646136;247323.9147177984;130230.729;0.0;757.9852231815998;0.0;95.96528402363765
122;5.0;pv;47.3915063967918;8.17534599326814;110.0;200.0;20.0;0.6;160.0;0.6593406593406593;east-west;long;tilt;0.34304273428259574;32886.9130306872;81123.37468621696;95868.26871428572;0.0;0.0;0.0;130230.729;229.97592200765558;0.0;61.47086547792001;0.0
123;5.0;solarCollector;47.3915063967918;8.17534599326814;110.0;200.0;20.0;0.6;160.0;0.6593406593406593;east-west;long;tilt;0.0;0.0;0.0;58659.489;0.4010485568506833;52228.845923062436;267003.1747922044;130230.729;0.0;756.9248880402057;0.0;97.62401107114475
124;5.0;pv;47.3915063967918;8.17534599326814;110.0;110.0;20.0;0.6;156.0;0.6428571428571429;east-west;short;tilt;0.33536839035989663;32151.18696530004;78577.20296547166;95868.26871428572;0.0;0.0;0.0;130230.729;228.46954133262787;0.0;60.095676570654284;0.0
125;5.0;solarCollector;47.3915063967918;8.17534599326814;110.0;110.0;20.0;0.6;156.0;0.6428571428571429;east-west;short;tilt;0.0;0.0;0.0;58659.489;0.39626817804091435;51606.29370577007;258438.88430332835;130230.729;0.0;751.4318546721904;0.0;96.46036206685996
126;5.0;pv;47.3915063967918;8.17534599326814;110.0;180.0;35.0;1.291821474280578;105.0;0.4326923076923077;portrait;south;tilt;0.29476787412372524;28258.88576483204;59881.781488482644;95868.26871428572;0.0;0.0;0.0;130230.729;258.6793468245979;0.0;52.82034722398513;0.0
127;5.0;solarCollector;47.3915063967918;8.17534599326814;110.0;180.0;35.0;1.291821474280578;105.0;0.4326923076923077;portrait;south;tilt;0.0;0.0;0.0;58659.489;0.37220115051151537;48472.027165753374;199560.2153823176;130230.729;0.0;862.066974029534;0.0;90.60191993598762
128;5.0;pv;47.3915063967918;8.17534599326814;110.0;180.0;7.0;0.6;137.0;0.5645604395604396;portrait;south;max4dist;0.32418124901618905;31078.695092816786;74221.09936818958;95868.26871428572;0.0;0.0;0.0;130230.729;245.73281642695966;0.0;58.09101886507811;0.0
129;5.0;solarCollector;47.3915063967918;8.17534599326814;110.0;180.0;7.0;0.6;137.0;0.5645604395604396;portrait;south;max4dist;0.0;0.0;0.0;58659.489;0.3902054560839389;50816.741005588854;245954.1579147723;130230.729;0.0;814.3103302269561;0.0;94.98456262726889
130;5.0;pv;47.3915063967918;8.17534599326814;110.0;180.0;45.0;1.5925614559018209;96.0;0.39560439560439564;portrait;south;tilt+10;0.28234771773532497;27068.18687471543;53735.753983857685;95868.26871428572;0.0;0.0;0.0;130230.729;253.89167250940028;0.0;50.594741821898005;0.0
131;5.0;solarCollector;47.3915063967918;8.17534599326814;110.0;180.0;45.0;1.5925614559018209;96.0;0.39560439560439564;portrait;south;tilt+10;0.0;0.0;0.0;58659.489;0.361841740777812;47122.91368412349;178829.30428080357;130230.729;0.0;844.9359651896741;0.0;88.08021249368878
132;5.0;pv;47.3915063967918;8.17534599326814;110.0;180.0;55.0;1.8449122635604673;92.0;0.37912087912087916;portrait;south;tilt+20;0.2724880754668541;26122.960040294933;49499.523709396315;95868.26871428572;0.0;0.0;0.0;130230.729;244.04478708140672;0.0;48.82796269214007;0.0
133;5.0;solarCollector;47.3915063967918;8.17534599326814;110.0;180.0;55.0;1.8449122635604673;92.0;0.37912087912087916;portrait;south;tilt+20;0.0;0.0;0.0;58659.489;0.3528411692641356;45950.76269448078;164179.05575916453;130230.729;0.0;809.4429946679653;0.0;85.88927606445006
134;5.0;pv;47.3915063967918;8.17534599326814;110.0;110.0;0.0;0.6;144.0;0.5934065934065934;portrait;long;tilt;0.32732524241524585;31380.104296833502;75115.70077846988;95868.26871428572;0.0;0.0;0.0;130230.729;236.60535724613223;0.0;58.65440055482898;0.0
135;5.0;solarCollector;47.3915063967918;8.17534599326814;110.0;110.0;0.0;0.6;144.0;0.5934065934065934;portrait;long;tilt;0.0;0.0;0.0;58659.489;0.38837950325986786;50578.94583819047;247946.60438460612;130230.729;0.0;781.0017652820753;0.0;94.5400856788607
136;5.0;pv;47.3915063967918;8.17534599326814;110.0;110.0;7.0;0.6;144.0;0.5934065934065934;portrait;long;max4dist;0.3276087248016752;31407.28126243148;75422.60582666255;95868.26871428572;0.0;0.0;0.0;130230.729;237.57207096664217;0.0;58.70519862136725;0.0
137;5.0;solarCollector;47.3915063967918;8.17534599326814;110.0;110.0;7.0;0.6;144.0;0.5934065934065934;portrait;long;max4dist;0.0;0.0;0.0;58659.489;0.3882647075990398;50563.995915594794;249088.3957670805;130230.729;0.0;784.5982698097724;0.0;94.51214189830803
138;5.0;pv;47.3915063967918;8.17534599326814;110.0;110.0;10.0;0.6;144.0;0.5934065934065934;portrait;long;tilt+10;0.3273766089500432;31385.028717594378;75412.38089271447;95868.26871428572;0.0;0.0;0.0;130230.729;237.5398636634482;0.0;58.66360507961566;0.0
139;5.0;solarCollector;47.3915063967918;8.17534599326814;110.0;110.0;10.0;0.6;144.0;0.5934065934065934;portrait;long;tilt+10;0.0;0.0;0.0;58659.489;0.3878467838625329;50509.5694027231;249064.54282218975;130230.729;0.0;784.5231359231315;0.0;94.41041009854786
140;5.0;pv;47.3915063967918;8.17534599326814;110.0;110.0;20.0;0.7703052946097795;128.0;0.5274725274725275;portrait;long;tilt+20;0.3135458622957327;30059.098980819734;66604.13068652585;95868.26871428572;0.0;0.0;0.0;130230.729;236.01931045458926;0.0;56.18523173984997;0.0
141;5.0;solarCollector;47.3915063967918;8.17534599326814;110.0;110.0;20.0;0.7703052946097795;128.0;0.5274725274725275;portrait;long;tilt+20;0.0;0.0;0.0;58659.489;0.3750437091203457;48842.21564560657;219858.39546462143;130230.729;0.0;779.0932238037597;0.0;91.29386101982537
142;5.0;pv;47.3915063967918;8.17534599326814;110.0;200.0;35.0;1.291821474280578;102.0;0.42032967032967034;portrait;short;tilt;0.2897424724561747;27777.109207370082;58157.87508525105;95868.26871428572;0.0;0.0;0.0;130230.729;258.62154457310345;0.0;51.91983029414969;0.0
143;5.0;solarCollector;47.3915063967918;8.17534599326814;110.0;200.0;35.0;1.291821474280578;102.0;0.42032967032967034;portrait;short;tilt;0.0;0.0;0.0;58659.489;0.36496957624303555;47530.2539769516;193816.3207632537;130230.729;0.0;861.8794301853808;0.0;88.84159621860113
144;5.0;pv;47.3915063967918;8.17534599326814;110.0;200.0;7.0;0.6;132.0;0.543956043956044;portrait;short;max4dist;0.31962870477170374;30642.250557852793;71514.79453296031;95868.26871428572;0.0;0.0;0.0;130230.729;245.74138780324319;0.0;57.27523468757532;0.0
145;5.0;solarCollector;47.3915063967918;8.17534599326814;110.0;200.0;7.0;0.6;132.0;0.543956043956044;portrait;short;max4dist;0.0;0.0;0.0;58659.489;0.38681406528595397;50375.07770964338;236985.4529505456;130230.729;0.0;814.3368722174887;0.0;94.15902375634278
146;5.0;pv;47.3915063967918;8.17534599326814;110.0;200.0;45.0;1.5925614559018209;90.0;0.3708791208791209;portrait;short;tilt+10;0.27329586455809207;26200.401381958203;50416.80006843225;95868.26871428572;0.0;0.0;0.0;130230.729;254.09089961799015;0.0;48.97271286347328;0.0
147;5.0;solarCollector;47.3915063967918;8.17534599326814;110.0;200.0;45.0;1.5925614559018209;90.0;0.3708791208791209;portrait;short;tilt+10;0.0;0.0;0.0;58659.489;0.3497459682566423;45547.67241087338;167803.4719741435;130230.729;0.0;845.69697194307;0.0;85.13583628200634
148;5.0;pv;47.3915063967918;8.17534599326814;110.0;200.0;55.0;1.8449122635604673;90.0;0.3708791208791209;portrait;short;tilt+20;0.2677598293832544;25669.671274205128;48544.270040556185;95868.26871428572;0.0;0.0;0.0;130230.729;244.65371124627833;0.0;47.98069397047687;0.0
149;5.0;solarCollector;47.3915063967918;8.17534599326814;110.0;200.0;55.0;1.8449122635604673;90.0;0.3708791208791209;portrait;short;tilt+20;0.0;0.0;0.0;58659.489;0.344407461832814;44852.434827527046;161059.60986623704;130230.729;0.0;811.7092141406754;0.0;83.83632678042439
150;6.0;pv;47.3915399336744;8.17581514963247;190.0;180.0;20.0;0.6;150.0;0.6181318681318682;east-west;south;tilt;0.3352017940092557;32135.215661589977;76149.29779717104;95868.26871428572;0.0;0.0;0.0;130230.729;230.26662013017867;0.0;60.06582366652333;0.0
151;6.0;solarCollector;47.3915399336744;8.17581514963247;190.0;180.0;20.0;0.6;150.0;0.6181318681318682;east-west;south;tilt;0.0;0.0;0.0;58659.489;0.39551686558872545;51508.44973741473;250666.0320233334;130230.729;0.0;757.984927572115;0.0;96.27747614470044
152;6.0;pv;47.3915399336744;8.17581514963247;190.0;100.0;20.0;0.6;160.0;0.6593406593406593;east-west;long;tilt;0.33815700529308246;32418.526651055367;80530.26196400373;95868.26871428572;0.0;0.0;0.0;130230.729;228.29451210979252;0.0;60.5953769178605;0.0
153;6.0;solarCollector;47.3915399336744;8.17581514963247;190.0;100.0;20.0;0.6;160.0;0.6593406593406593;east-west;long;tilt;0.0;0.0;0.0;58659.489;0.39838055612440637;51881.39024350686;264840.8015675355;130230.729;0.0;750.7947957210508;0.0;96.97456120281657
154;6.0;pv;47.3915399336744;8.17581514963247;190.0;190.0;20.0;0.6;156.0;0.6428571428571429;east-west;short;tilt;0.34009681518453155;32604.49286698344;79166.89741114009;95868.26871428572;0.0;0.0;0.0;130230.729;230.18412539064616;0.0;60.94297732146438;0.0
155;6.0;solarCollector;47.3915399336744;8.17581514963247;190.0;190.0;20.0;0.6;156.0;0.6428571428571429;east-west;short;tilt;0.0;0.0;0.0;58659.489;0.3990305436080509;51966.03858734276;260589.18848121015;130230.729;0.0;757.6840371208602;0.0;97.13278240624815
156;6.0;pv;47.3915399336744;8.17581514963247;190.0;180.0;35.0;1.291819435555828;98.0;0.40384615384615385;portrait;south;tilt;0.2874339730749246;27555.797368361636;55889.645182290624;95868.26871428572;0.0;0.0;0.0;130230.729;258.6792656412205;0.0;51.506163305348856;0.0
157;6.0;solarCollector;47.3915399336744;8.17581514963247;190.0;180.0;35.0;1.291819435555828;98.0;0.40384615384615385;portrait;south;tilt;0.0;0.0;0.0;58659.489;0.3658442304741333;47644.16083509039;186256.13704529073;130230.729;0.0;862.0666779132281;0.0;89.05450623381383
158;6.0;pv;47.3915399336744;8.17581514963247;190.0;180.0;7.0;0.6;129.0;0.5315934065934066;portrait;south;max4dist;0.31720445843937367;30409.84225903535;69886.98491707645;95868.26871428572;0.0;0.0;0.0;130230.729;245.73269105572052;0.0;56.840826652402534;0.0
159;6.0;solarCollector;47.3915399336744;8.17581514963247;190.0;180.0;7.0;0.6;129.0;0.5315934065934066;portrait;south;max4dist;0.0;0.0;0.0;58659.489;0.38462598627767414;50090.1225852855;231591.74148143554;130230.729;0.0;814.3098736916374;0.0;93.62639735567383
160;6.0;pv;47.3915399336744;8.17581514963247;190.0;180.0;45.0;1.592558942555727;91.0;0.375;portrait;south;tilt+10;0.2765063989290459;26508.189753749255;50937.00313395373;95868.26871428572;0.0;0.0;0.0;130230.729;253.8916044059999;0.0;49.54801823130702;0.0
161;6.0;solarCollector;47.3915399336744;8.17581514963247;190.0;180.0;45.0;1.592558942555727;91.0;0.375;portrait;south;tilt+10;0.0;0.0;0.0;58659.489;0.356976691811703;46489.33481064641;169515.22815960238;130230.729;0.0;844.9357166833763;0.0;86.89595291709611
162;6.0;pv;47.3915399336744;8.17581514963247;190.0;180.0;55.0;1.8449093519597792;87.0;0.3585164835164835;portrait;south;tilt+20;0.2664583137698219;25544.89722564074;46809.32204651297;95868.26871428572;0.0;0.0;0.0;130230.729;244.04473412727071;0.0;47.747471449795775;0.0
163;6.0;solarCollector;47.3915399336744;8.17581514963247;190.0;180.0;55.0;1.8449093519597792;87.0;0.3585164835164835;portrait;south;tilt+20;0.0;0.0;0.0;58659.489;0.3477109864450905;45282.65524605326;155256.2438503181;130230.729;0.0;809.4428010386478;0.0;84.64047709542666
164;6.0;pv;47.3915399336744;8.17581514963247;190.0;190.0;35.0;1.291819435555828;112.0;0.46153846153846156;portrait;long;tilt;0.3003764213035972;28796.567472968756;64000.429824946994;95868.26871428572;0.0;0.0;0.0;130230.729;259.1917718767324;0.0;53.82535976255843;0.0
165;6.0;solarCollector;47.3915399336744;8.17581514963247;190.0;190.0;35.0;1.291819435555828;112.0;0.46153846153846156;portrait;long;tilt;0.0;0.0;0.0;58659.489;0.37728345301883953;49133.899126280725;213326.88392853262;130230.729;0.0;863.9406514239639;0.0;91.83906378744061
166;6.0;pv;47.3915399336744;8.17581514963247;190.0;190.0;7.0;0.6;144.0;0.5934065934065934;portrait;long;max4dist;0.3298050326649441;31617.83749484664;78060.78477992569;95868.26871428572;0.0;0.0;0.0;130230.729;245.88201505618684;0.0;59.09876167261054;0.0
167;6.0;solarCollector;47.3915399336744;8.17581514963247;190.0;190.0;7.0;0.6;144.0;0.5934065934065934;portrait;long;max4dist;0.0;0.0;0.0;58659.489;0.39486853321431653;51424.01693966116;258692.93470133547;130230.729;0.0;814.8514038705963;0.0;96.11965783114236
168;6.0;pv;47.3915399336744;8.17581514963247;190.0;190.0;45.0;1.592558942555727;96.0;0.39560439560439564;portrait;long;tilt+10;0.28089091567600083;26928.52578342862;53809.57783814957;95868.26871428572;0.0;0.0;0.0;130230.729;254.24047680537956;0.0;50.33369305313761;0.0
169;6.0;solarCollector;47.3915399336744;8.17581514963247;190.0;190.0;45.0;1.592558942555727;96.0;0.39560439560439564;portrait;long;tilt+10;0.0;0.0;0.0;58659.489;0.3578421380366178;46602.042503427365;179101.29883674125;130230.729;0.0;846.2210900386008;0.0;87.1066215017334
170;6.0;pv;47.3915399336744;8.17581514963247;190.0;190.0;55.0;1.8449093519597792;96.0;0.39560439560439564;portrait;long;tilt+20;0.27659207211878356;26516.403094124635;51798.35429700093;95868.26871428572;0.0;0.0;0.0;130230.729;244.7378110605963;0.0;49.56337026939185;0.0
171;6.0;solarCollector;47.3915399336744;8.17581514963247;190.0;190.0;55.0;1.8449093519597792;96.0;0.39560439560439564;portrait;long;tilt+20;0.0;0.0;0.0;58659.489;0.3520369959117879;45846.03461256216;171860.71558527654;130230.729;0.0;812.0106499615869;0.0;85.6935226403031
172;6.0;pv;47.3915399336744;8.17581514963247;190.0;100.0;32.0;1.1934939467996677;102.0;0.42032967032967034;portrait;short;tilt;0.2818841585885608;27023.746261868477;50458.71340557313;95868.26871428572;0.0;0.0;0.0;130230.729;224.38423651125308;0.0;50.51167525582893;0.0
173;6.0;solarCollector;47.3915399336744;8.17581514963247;190.0;100.0;32.0;1.1934939467996677;102.0;0.42032967032967034;portrait;short;tilt;0.0;0.0;0.0;58659.489;0.3447775309683712;44900.62920083106;165707.81618374708;130230.729;0.0;736.884064392938;0.0;83.92640972117957
174;6.0;pv;47.3915399336744;8.17581514963247;190.0;100.0;7.0;0.6;132.0;0.543956043956044;portrait;short;max4dist;0.31657483572551576;30349.481419514603;68617.68847952687;95868.26871428572;0.0;0.0;0.0;130230.729;235.78626080003565;0.0;56.728002653298326;0.0
175;6.0;solarCollector;47.3915399336744;8.17581514963247;190.0;100.0;7.0;0.6;132.0;0.543956043956044;portrait;short;max4dist;0.0;0.0;0.0;58659.489;0.3785852971286951;49303.439233751575;226438.2522470196;130230.729;0.0;778.0942492015022;0.0;92.15596118458238
176;6.0;pv;47.3915399336744;8.17581514963247;190.0;100.0;42.0;1.5070283007417562;96.0;0.39560439560439564;portrait;short;tilt+10;0.2703365320872464;25916.69530142826;45809.1795391605;95868.26871428572;0.0;0.0;0.0;130230.729;216.44004870527544;0.0;48.44242112416497;0.0
177;6.0;solarCollector;47.3915399336744;8.17581514963247;190.0;100.0;42.0;1.5070283007417562;96.0;0.39560439560439564;portrait;short;tilt+10;0.0;0.0;0.0;58659.489;0.33366085448246613;43452.896318014486;149890.7463923073;130230.729;0.0;708.2065379906522;0.0;81.22036694955979
178;6.0;pv;47.3915399336744;8.17581514963247;190.0;100.0;52.0;1.7747723623589224;90.0;0.3708791208791209;portrait;short;tilt+20;0.2561667279639613;24558.26071210837;40954.088957494954;95868.26871428572;0.0;0.0;0.0;130230.729;206.40066985847233;0.0;45.90329105066986;0.0
179;6.0;solarCollector;47.3915399336744;8.17581514963247;190.0;100.0;52.0;1.7747723623589224;90.0;0.3708791208791209;portrait;short;tilt+20;0.0;0.0;0.0;58659.489;0.3204153782025277;41727.92828612589;133334.55788918558;130230.729;0.0;671.9803263643275;0.0;77.99612763761849
180;7.0;pv;47.3906122628237;8.17412383384924;190.0;190.0;40.0;0.1;240.0;0.8237939484187701;superposed;long;none;0.3455392468873713;103054.42728445816;136991.66560874967;298242.3218571429;0.0;0.0;0.0;108014.58799999999;257.35008520209067;0.0;159.48337648498577;0.0
181;7.0;solarCollector;47.3906122628237;8.17412383384924;190.0;190.0;40.0;0.1;240.0;0.8237939484187701;superposed;long;none;0.0;0.0;0.0;267381.011;0.39955082841795136;43157.318116623705;456398.7480391529;108014.58799999999;0.0;857.3824996730435;0.0;66.78873479425775
182;7.0;pv;47.3906122628237;8.17412383384924;190.0;370.0;40.0;0.1;240.0;0.8237939484187701;superposed;long;none;0.23034075797043105;68697.36247543556;84230.74724310395;298242.3218571429;0.0;0.0;0.0;108014.58799999999;158.23437056059902;0.0;106.31360157825779;0.0
183;7.0;solarCollector;47.3906122628237;8.17412383384924;190.0;370.0;40.0;0.1;240.0;0.8237939484187701;superposed;long;none;0.0;0.0;0.0;267381.011;0.22889694241977895;24724.208929932145;263968.12500799284;108014.58799999999;0.0;495.88578370496316;0.0;38.26230881068108
184;8.0;pv;47.3909148247087;8.17420357111795;190.0;180.0;20.0;0.6;332.0;0.6544247328561055;east-west;south;tilt;0.2824846257094593;88171.02977791132;164255.15484332552;312126.82657142857;0.0;0.0;0.0;425091.732;230.26758470891988;0.0;80.89085300725809;0.0
185;8.0;solarCollector;47.3909148247087;8.17420357111795;190.0;180.0;20.0;0.6;332.0;0.6544247328561055;east-west;south;tilt;0.0;0.0;0.0;190672.046;0.34569351759251987;146951.45613457676;540690.56259625;425091.732;0.0;757.9884481720101;0.0;134.81784966474933
186;8.0;pv;47.3909148247087;8.17420357111795;190.0;100.0;20.0;0.6;378.0;0.7450980392156863;east-west;long;tilt;0.29491026674274345;92049.40568174602;185411.77803760485;312126.82657142857;0.0;0.0;0.0;425091.732;228.29552583094758;0.0;84.44899603829911;0.0
187;8.0;solarCollector;47.3909148247087;8.17420357111795;190.0;100.0;20.0;0.6;378.0;0.7450980392156863;east-west;long;tilt;0.0;0.0;0.0;190672.046;0.3558218506867092;151256.9267918586;609766.1505730895;425091.732;0.0;750.7984953941952;0.0;138.76782274482443
188;8.0;pv;47.3909148247087;8.17420357111795;190.0;190.0;20.0;0.6;352.0;0.6938479095341841;east-west;short;tilt;0.2898962943120461;90484.41037843583;174087.6667042029;312126.82657142857;0.0;0.0;0.0;425091.732;230.18510756795843;0.0;83.01322053067507;0.0
189;8.0;solarCollector;47.3909148247087;8.17420357111795;190.0;190.0;20.0;0.6;352.0;0.6938479095341841;east-west;short;tilt;0.0;0.0;0.0;190672.046;0.3517370102153177;149520.4948809311;573034.7701561915;425091.732;0.0;757.6876220226738;0.0;137.17476594580836
190;8.0;pv;47.3909148247087;8.17420357111795;190.0;180.0;35.0;1.2918574371426492;212.0;0.4178856727876336;portrait;south;tilt;0.2375813683954173;74155.5185697591;117827.35229321;312126.82657142857;0.0;0.0;0.0;425091.732;258.6795752562911;0.0;68.0325858438157;0.0
191;8.0;solarCollector;47.3909148247087;8.17420357111795;190.0;180.0;35.0;1.2918574371426492;212.0;0.4178856727876336;portrait;south;tilt;0.0;0.0;0.0;190672.046;0.31524102099975154;134006.35161423276;392667.9062431036;425091.732;0.0;862.0678070655129;0.0;122.94160698553465
192;8.0;pv;47.3909148247087;8.17420357111795;190.0;180.0;7.0;0.6;283.0;0.5578379499948128;portrait;south;max4dist;0.2659794911640728;83019.33451012538;149416.76966065707;312126.82657142857;0.0;0.0;0.0;425091.732;245.73373897300826;0.0;76.16452707350953;0.0
193;8.0;solarCollector;47.3909148247087;8.17420357111795;190.0;180.0;7.0;0.6;283.0;0.5578379499948128;portrait;south;max4dist;0.0;0.0;0.0;190672.046;0.33439514794305464;142148.61261150934;495138.0388363246;425091.732;0.0;814.3136936191581;0.0;130.41157120321958
194;8.0;pv;47.3909148247087;8.17420357111795;190.0;180.0;45.0;1.5926057910279343;198.0;0.3902894491129786;portrait;south;tilt+10;0.227765768725643;71091.80659393688;108009.43879861043;312126.82657142857;0.0;0.0;0.0;425091.732;253.89163986065526;0.0;65.2218409118687;0.0
195;8.0;solarCollector;47.3909148247087;8.17420357111795;190.0;180.0;45.0;1.5926057910279343;198.0;0.3902894491129786;portrait;south;tilt+10;0.0;0.0;0.0;190672.046;0.30684274575955955;130436.31424656682;359448.80485423433;425091.732;0.0;844.9358456584104;0.0;119.66634334547415
196;8.0;pv;47.3909148247087;8.17420357111795;190.0;180.0;55.0;1.844963623850251;190.0;0.3745201784417471;portrait;south;tilt+20;0.21869967540614657;68262.03565672203;99625.55045078817;312126.82657142857;0.0;0.0;0.0;425091.732;244.04449434423927;0.0;62.62572078598352;0.0
197;8.0;solarCollector;47.3909148247087;8.17420357111795;190.0;180.0;55.0;1.844963623850251;190.0;0.3745201784417471;portrait;south;tilt+20;0.0;0.0;0.0;190672.046;0.2987301577887731;126987.72017506286;330436.04503510555;425091.732;0.0;809.4419268833724;0.0;116.50249557345217
198;8.0;pv;47.3909148247087;8.17420357111795;190.0;190.0;35.0;1.2918574371426492;243.0;0.4789915966386555;portrait;long;tilt;0.2530050958024506;78969.67765921917;135324.27506609383;312126.82657142857;0.0;0.0;0.0;425091.732;259.1918353913595;0.0;72.44924555891667;0.0
199;8.0;solarCollector;47.3909148247087;8.17420357111795;190.0;190.0;35.0;1.2918574371426492;243.0;0.4789915966386555;portrait;long;tilt;0.0;0.0;0.0;190672.046;0.32796690505207343;139416.01970726546;451064.26240768;425091.732;0.0;863.9408856673734;0.0;127.90460523602337
200;8.0;pv;47.3909148247087;8.17420357111795;190.0;190.0;7.0;0.6;297.0;0.5854341736694678;portrait;long;max4dist;0.2719086115273428;84869.97203347288;156903.6577489043;312126.82657142857;0.0;0.0;0.0;425091.732;245.8829981842713;0.0;77.86235966373658;0.0
201;8.0;solarCollector;47.3909148247087;8.17420357111795;190.0;190.0;7.0;0.6;297.0;0.5854341736694678;portrait;long;max4dist;0.0;0.0;0.0;190672.046;0.3396527809466839;144383.58893124247;519977.91394797555;425091.732;0.0;814.8549900330419;0.0;132.46200819380044
202;8.0;pv;47.3909148247087;8.17420357111795;190.0;190.0;45.0;1.5926057910279343;216.0;0.42577030812324934;portrait;long;tilt+10;0.2371199764365137;74011.50576182094;117990.19689231075;312126.82657142857;0.0;0.0;0.0;425091.732;254.2401031540013;0.0;67.9004640016706;0.0
203;8.0;solarCollector;47.3909148247087;8.17420357111795;190.0;190.0;45.0;1.5926057910279343;216.0;0.42577030812324934;portrait;long;tilt+10;0.0;0.0;0.0;190672.046;0.3122593574357894;132738.8710855868;392721.8058347493;425091.732;0.0;846.21972889308;0.0;121.77878081246497
204;8.0;pv;47.3909148247087;8.17420357111795;190.0;190.0;55.0;1.844963623850251;216.0;0.42577030812324934;portrait;long;tilt+20;0.2326125674471419;72604.62249790879;113580.01806342947;312126.82657142857;0.0;0.0;0.0;425091.732;244.73724317144084;0.0;66.6097454109255;0.0
205;8.0;solarCollector;47.3909148247087;8.17420357111795;190.0;190.0;55.0;1.844963623850251;216.0;0.42577030812324934;portrait;long;tilt+20;0.0;0.0;0.0;190672.046;0.30814964720934734;130991.86724741042;376844.7654598816;425091.732;0.0;812.0085783991894;0.0;120.17602499762425
206;8.0;pv;47.3909148247087;8.17420357111795;190.0;100.0;5.0;0.6;280.0;0.551924473493101;portrait;short;tilt;0.2596987018833326;81058.9316835641;142066.28798780663;312126.82657142857;0.0;0.0;0.0;425091.732;236.1483323988529;0.0;74.36599237024228;0.0
207;8.0;solarCollector;47.3909148247087;8.17420357111795;190.0;100.0;5.0;0.6;280.0;0.551924473493101;portrait;short;tilt;0.0;0.0;0.0;190672.046;0.3239811208686903;137721.6958053729;468880.01721549046;425091.732;0.0;779.3913371628806;0.0;126.3501796379568
208;8.0;pv;47.3909148247087;8.17420357111795;190.0;100.0;7.0;0.6;280.0;0.551924473493101;portrait;short;max4dist;0.2596070408385867;81030.32181254732;141849.39210081424;312126.82657142857;0.0;0.0;0.0;425091.732;235.7877992791178;0.0;74.33974478215352;0.0
209;8.0;solarCollector;47.3909148247087;8.17420357111795;190.0;100.0;7.0;0.6;280.0;0.551924473493101;portrait;short;max4dist;0.0;0.0;0.0;190672.046;0.32368287430596826;137594.91365746234;468103.05923192104;425091.732;0.0;778.0998461641178;0.0;126.23386574079115
210;8.0;pv;47.3909148247087;8.17420357111795;190.0;100.0;15.0;0.6;288.0;0.5676937441643325;portrait;short;tilt+10;0.2623061075973193;81872.77295465497;144465.203379683;312126.82657142857;0.0;0.0;0.0;425091.732;233.46546478096403;0.0;75.11263573821557;0.0
211;8.0;solarCollector;47.3909148247087;8.17420357111795;190.0;100.0;15.0;0.6;288.0;0.5676937441643325;portrait;short;tilt+10;0.0;0.0;0.0;190672.046;0.3251278060228686;138209.14218362127;476280.89087482303;425091.732;0.0;769.7018863576403;0.0;126.79737815011127
212;8.0;pv;47.3909148247087;8.17420357111795;190.0;100.0;25.0;0.9518566487411901;240.0;0.4730781201369437;portrait;short;tilt+20;0.2376553174572566;74178.60005575893;117998.25121705665;312126.82657142857;0.0;0.0;0.0;425091.732;228.83171243385019;0.0;68.0537615190449;0.0
213;8.0;solarCollector;47.3909148247087;8.17420357111795;190.0;100.0;25.0;0.9518566487411901;240.0;0.4730781201369437;portrait;short;tilt+20;0.0;0.0;0.0;190672.046;0.3031168856422014;128852.48191608934;388262.8253150913;425091.732;0.0;752.950541850186;0.0;118.21328616154986
214;9.0;pv;47.3911713875141;8.17553313083685;190.0;180.0;20.0;0.6;240.0;0.6513409961685823;east-west;south;tilt;0.3124428026431148;56405.38053019425;119985.94153511431;180530.2604285714;0.0;0.0;0.0;248700.63199999998;230.26713779900615;0.0;70.50672566274281;0.0
215;9.0;solarCollector;47.3911713875141;8.17553313083685;190.0;180.0;20.0;0.6;240.0;0.6513409961685823;east-west;south;tilt;0.0;0.0;0.0;109472.937;0.37181271504604935;92470.05721758837;394966.31075050123;248700.63199999998;0.0;757.986816955006;0.0;115.58757152198545
216;9.0;pv;47.3911713875141;8.17553313083685;190.0;100.0;20.0;0.6;264.0;0.7164750957854406;east-west;long;tilt;0.3198431792110179;57741.372439267296;130854.15859892352;180530.2604285714;0.0;0.0;0.0;248700.63199999998;228.29502268929838;0.0;72.17671554908411;0.0
217;9.0;solarCollector;47.3911713875141;8.17553313083685;190.0;100.0;20.0;0.6;264.0;0.7164750957854406;east-west;long;tilt;0.0;0.0;0.0;109472.937;0.378357220595531;94097.67988387197;430341.6866476177;248700.63199999998;0.0;750.7966591913652;0.0;117.62209985483996
218;9.0;pv;47.3911713875141;8.17553313083685;190.0;190.0;20.0;0.6;252.0;0.6839080459770115;east-west;short;tilt;0.3185634273374219;57510.33850024305;125940.10607245551;180530.2604285714;0.0;0.0;0.0;248700.63199999998;230.18464765343757;0.0;71.88792312530381;0.0
219;9.0;solarCollector;47.3911713875141;8.17553313083685;190.0;190.0;20.0;0.6;252.0;0.6839080459770115;east-west;short;tilt;0.0;0.0;0.0;109472.937;0.3766351131401177;93669.39067133877;414550.01034912403;248700.63199999998;0.0;757.6859432851637;0.0;117.08673833917346
220;9.0;pv;47.3911713875141;8.17553313083685;190.0;180.0;35.0;1.2918418399659848;155.0;0.4206577266922094;portrait;south;tilt;0.26589651460696523;48002.36702904487;87052.36896385049;180530.2604285714;0.0;0.0;0.0;248700.63199999998;258.6793354789181;0.0;60.00295878630609;0.0
221;9.0;solarCollector;47.3911713875141;8.17553313083685;190.0;180.0;35.0;1.2918418399659848;155.0;0.4206577266922094;portrait;south;tilt;0.0;0.0;0.0;109472.937;0.3421800509696018;85100.39493393217;290108.0928760692;248700.63199999998;0.0;862.0669325311659;0.0;106.37549366741521
222;9.0;pv;47.3911713875141;8.17553313083685;190.0;180.0;7.0;0.6;201.0;0.5454980842911877;portrait;south;max4dist;0.2926953028537464;52840.359250406415;107237.58671659915;180530.2604285714;0.0;0.0;0.0;248700.63199999998;245.73318817412095;0.0;66.05044906300802;0.0
223;9.0;solarCollector;47.3911713875141;8.17553313083685;190.0;180.0;7.0;0.6;201.0;0.5454980842911877;portrait;south;max4dist;0.0;0.0;0.0;109472.937;0.35863868331996274;89193.66720132259;355364.37206476444;248700.63199999998;0.0;814.3116866453338;0.0;111.49208400165324
224;9.0;pv;47.3911713875141;8.17553313083685;190.0;180.0;45.0;1.5925865627809428;142.0;0.3853767560664112;portrait;south;tilt+10;0.25349299248026763;45763.15594928061;78275.10914062001;180530.2604285714;0.0;0.0;0.0;248700.63199999998;253.89150976431426;0.0;57.20394493660076;0.0
225;9.0;solarCollector;47.3911713875141;8.17553313083685;190.0;180.0;45.0;1.5925865627809428;142.0;0.3853767560664112;portrait;south;tilt+10;0.0;0.0;0.0;109472.937;0.33178004748993806;82513.9074957376;260494.76191053;248700.63199999998;0.0;844.9353710685378;0.0;103.142384369672
226;9.0;pv;47.3911713875141;8.17553313083685;190.0;180.0;55.0;1.844941348773487;137.0;0.37180715197956576;portrait;south;tilt+20;0.24515186356010726;44257.32977305577;72589.98582207016;180530.2604285714;0.0;0.0;0.0;248700.63199999998;244.0444778818417;0.0;55.32166221631971;0.0
227;9.0;solarCollector;47.3911713875141;8.17553313083685;190.0;180.0;55.0;1.844941348773487;137.0;0.37180715197956576;portrait;south;tilt+20;0.0;0.0;0.0;109472.937;0.32360801773456094;80481.51853085251;240765.01986979757;248700.63199999998;0.0;809.441865856812;0.0;100.60189816356564
228;9.0;pv;47.3911713875141;8.17553313083685;190.0;190.0;35.0;1.2918418399659848;176.0;0.47765006385696035;portrait;long;tilt;0.27939696944718745;50439.60765725436;99042.38114171725;180530.2604285714;0.0;0.0;0.0;248700.63199999998;259.19179289426677;0.0;63.049509571567945;0.0
229;9.0;solarCollector;47.3911713875141;8.17553313083685;190.0;190.0;35.0;1.2918418399659848;176.0;0.47765006385696035;portrait;long;tilt;0.0;0.0;0.0;109472.937;0.35390294733039496;88015.88666773193;330129.07531654014;248700.63199999998;0.0;863.9407285188869;0.0;110.0198583346649
230;9.0;pv;47.3911713875141;8.17553313083685;190.0;190.0;7.0;0.6;220.0;0.5970625798212005;portrait;long;max4dist;0.3032677115734733;54748.998949936016;117445.79132998844;180530.2604285714;0.0;0.0;0.0;248700.63199999998;245.88249896091165;0.0;68.43624868742002;0.0
231;9.0;solarCollector;47.3911713875141;8.17553313083685;190.0;190.0;7.0;0.6;220.0;0.5970625798212005;portrait;long;max4dist;0.0;0.0;0.0;109472.937;0.36789376886679886;91495.4128260348;389214.66840214207;248700.63199999998;0.0;814.8531694087627;0.0;114.36926603254348
232;9.0;pv;47.3911713875141;8.17553313083685;190.0;190.0;45.0;1.5925865627809428;154.0;0.4179438058748403;portrait;long;tilt+10;0.2617805793106506;47259.31615809404;85006.53048052354;180530.2604285714;0.0;0.0;0.0;248700.63199999998;254.2403107954543;0.0;59.07414519761755;0.0
233;9.0;solarCollector;47.3911713875141;8.17553313083685;190.0;190.0;45.0;1.5925865627809428;154.0;0.4179438058748403;portrait;long;tilt+10;0.0;0.0;0.0;109472.937;0.3359375553764124;83547.88233464876;282938.08793984377;248700.63199999998;0.0;846.2204845565229;0.0;104.43485291831094
234;9.0;pv;47.3911713875141;8.17553313083685;190.0;190.0;55.0;1.844941348773487;154.0;0.4179438058748403;portrait;long;tilt+20;0.2574521607453722;46477.90562726047;81829.22308606979;180530.2604285714;0.0;0.0;0.0;248700.63199999998;244.7375159526075;0.0;58.097382034075586;0.0
235;9.0;solarCollector;47.3911713875141;8.17553313083685;190.0;190.0;55.0;1.844941348773487;154.0;0.4179438058748403;portrait;long;tilt+20;0.0;0.0;0.0;109472.937;0.33107892474110684;82339.5378249937;271499.49706886406;248700.63199999998;0.0;812.0095729752505;0.0;102.92442228124213
236;9.0;pv;47.3911713875141;8.17553313083685;190.0;100.0;32.0;1.1935146459215171;161.0;0.436941251596424;portrait;short;tilt;0.25654337520107434;46313.842336274654;78434.39974399871;180530.2604285714;0.0;0.0;0.0;248700.63199999998;224.3848556797625;0.0;57.89230292034332;0.0
237;9.0;solarCollector;47.3911713875141;8.17553313083685;190.0;100.0;32.0;1.1935146459215171;161.0;0.436941251596424;portrait;short;tilt;0.0;0.0;0.0;109472.937;0.3195659265939934;79476.24790959177;257580.82625607064;248700.63199999998;0.0;736.8863242912068;0.0;99.3453098869897
238;9.0;pv;47.3911713875141;8.17553313083685;190.0;100.0;7.0;0.6;203.0;0.5509259259259259;portrait;short;max4dist;0.2895952476112281;52280.70547013163;103920.89183352765;180530.2604285714;0.0;0.0;0.0;248700.63199999998;235.78689743741566;0.0;65.35088183766453;0.0
239;9.0;solarCollector;47.3911713875141;8.17553313083685;190.0;100.0;7.0;0.6;203.0;0.5509259259259259;portrait;short;max4dist;0.0;0.0;0.0;109472.937;0.3506045621919524;87195.57619922186;342938.85743513453;248700.63199999998;0.0;778.096567289801;0.0;108.99447024902732
240;9.0;pv;47.3911713875141;8.17553313083685;190.0;100.0;42.0;1.507054437583515;147.0;0.3989463601532567;portrait;short;tilt+10;0.24105946589814722;43518.528157364846;69078.56343702276;180530.2604285714;0.0;0.0;0.0;248700.63199999998;216.44063693953112;0.0;54.39816019670605;0.0
241;9.0;solarCollector;47.3911713875141;8.17553313083685;190.0;100.0;42.0;1.507054437583515;147.0;0.3989463601532567;portrait;short;tilt+10;0.0;0.0;0.0;109472.937;0.3054297462589258;75960.57092619449;226029.82168020547;248700.63199999998;0.0;708.2086849763941;0.0;94.95071365774311
242;9.0;pv;47.3911713875141;8.17553313083685;190.0;100.0;52.0;1.7748031427658797;140.0;0.379948914431673;portrait;short;tilt+20;0.22805066186815598;41170.04537796628;62737.52674645821;180530.2604285714;0.0;0.0;0.0;248700.63199999998;206.40119093477637;0.0;51.46255672245784;0.0
243;9.0;solarCollector;47.3911713875141;8.17553313083685;190.0;100.0;52.0;1.7748031427658797;140.0;0.379948914431673;portrait;short;tilt+20;0.0;0.0;0.0;109472.937;0.293832398366389;73076.30317579671;204255.13452152262;248700.63199999998;0.0;671.9822282787909;0.0;91.34537896974588
244;10.0;pv;47.3919311502833;8.17562676986709;190.0;180.0;20.0;0.6;128.0;0.5903563941299791;east-west;south;tilt;0.2865323740794738;35327.81663517292;66338.2657372411;123294.32842857142;0.0;0.0;0.0;118233.246;230.26610787205433;0.0;72.39306687535436;0.0
245;10.0;solarCollector;47.3919311502833;8.17562676986709;190.0;180.0;20.0;0.6;128.0;0.5903563941299791;east-west;south;tilt;0.0;0.0;0.0;89513.401;0.4197836509617841;49632.383670942756;218370.31072003095;118233.246;0.0;757.9830579756104;0.0;101.70570424373517
246;10.0;pv;47.3919311502833;8.17562676986709;190.0;100.0;20.0;0.6;160.0;0.7379454926624738;east-west;long;tilt;0.3085388090353726;38041.08525416751;82212.65394813045;123294.32842857142;0.0;0.0;0.0;118233.246;228.29403370236955;0.0;77.95304355362195;0.0
247;10.0;solarCollector;47.3919311502833;8.17562676986709;190.0;100.0;20.0;0.6;160.0;0.7379454926624738;east-west;long;tilt;0.0;0.0;0.0;89513.401;0.432247602391281;51106.03710643852;270373.64128110866;118233.246;0.0;750.7930496174603;0.0;104.72548587384944
248;10.0;pv;47.3919311502833;8.17562676986709;190.0;190.0;20.0;0.6;136.0;0.6272536687631027;east-west;short;tilt;0.2938251523508857;36226.974834525136;70459.15552255043;123294.32842857142;0.0;0.0;0.0;118233.246;230.1836124765533;0.0;74.2356041691089;0.0
249;10.0;solarCollector;47.3919311502833;8.17562676986709;190.0;190.0;20.0;0.6;136.0;0.6272536687631027;east-west;short;tilt;0.0;0.0;0.0;89513.401;0.42499849560043357;50248.95167995598;231926.3519045655;118233.246;0.0;757.6821651348798;0.0;102.96916327859833
250;10.0;pv;47.3919311502833;8.17562676986709;190.0;180.0;35.0;1.2917956536892774;88.0;0.4058700209643606;portrait;south;tilt;0.24731445045706246;30492.469079784714;51235.19919237012;123294.32842857142;0.0;0.0;0.0;118233.246;258.6792737980176;0.0;62.484567786444096;0.0
251;10.0;solarCollector;47.3919311502833;8.17562676986709;190.0;180.0;35.0;1.2917956536892774;88.0;0.4058700209643606;portrait;south;tilt;0.0;0.0;0.0;89513.401;0.38633181312725184;45677.264299100396;170744.87199026917;118233.246;0.0;862.0667077987231;0.0;93.60095143258278
252;10.0;pv;47.3919311502833;8.17562676986709;190.0;180.0;7.0;0.6;112.0;0.5165618448637317;portrait;south;max4dist;0.2726129454318558;33611.63002795545;61944.721722642964;123294.32842857142;0.0;0.0;0.0;118233.246;245.7322514844972;0.0;68.87629104089231;0.0
253;10.0;solarCollector;47.3919311502833;8.17562676986709;190.0;180.0;7.0;0.6;112.0;0.5165618448637317;portrait;south;max4dist;0.0;0.0;0.0;89513.401;0.4073016365248173;48156.59458744131;205272.60409624688;118233.246;0.0;814.3082698556739;0.0;98.6815462857404
254;10.0;pv;47.3919311502833;8.17562676986709;190.0;180.0;45.0;1.5925296241980658;81.0;0.3735849056603774;portrait;south;tilt+10;0.23520929330534726;28999.971858241668;46286.86838319889;123294.32842857142;0.0;0.0;0.0;118233.246;253.89178923554613;0.0;59.42617184065916;0.0
255;10.0;solarCollector;47.3919311502833;8.17562676986709;190.0;180.0;45.0;1.5925296241980658;81.0;0.3735849056603774;portrait;south;tilt+10;0.0;0.0;0.0;89513.401;0.37575722012321794;44426.995843104574;154039.87525637812;118233.246;0.0;844.9363914336025;0.0;91.03892590800119
256;10.0;pv;47.3919311502833;8.17562676986709;190.0;180.0;55.0;1.8448753879344686;79.0;0.36436058700209645;portrait;south;tilt+20;0.2271736709132699;28009.2251919049;43393.16117914186;123294.32842857142;0.0;0.0;0.0;118233.246;244.04509001361407;0.0;57.395953262100214;0.0
257;10.0;solarCollector;47.3919311502833;8.17562676986709;190.0;180.0;55.0;1.8448753879344686;79.0;0.36436058700209645;portrait;south;tilt+20;0.0;0.0;0.0;89513.401;0.36796041700111265;43505.15450155513;143925.60943012746;118233.246;0.0;809.4441002727226;0.0;89.14990676548183
258;10.0;pv;47.3919311502833;8.17562676986709;190.0;190.0;35.0;1.2917956536892774;100.0;0.4612159329140461;portrait;long;tilt;0.26106456257588695;32187.779919292738;58337.16461764855;123294.32842857142;0.0;0.0;0.0;118233.246;259.1917615743141;0.0;65.95856540838676;0.0
259;10.0;solarCollector;47.3919311502833;8.17562676986709;190.0;190.0;35.0;1.2917956536892774;100.0;0.4612159329140461;portrait;long;tilt;0.0;0.0;0.0;89513.401;0.39547529315665825;46758.32762271329;194450.03005881957;118233.246;0.0;863.9406141771325;0.0;95.81624512851084
260;10.0;pv;47.3919311502833;8.17562676986709;190.0;190.0;7.0;0.6;120.0;0.5534591194968553;portrait;long;max4dist;0.2803749150146946;34568.63685495455;66409.67419316532;123294.32842857142;0.0;0.0;0.0;118233.246;245.88157127219836;0.0;70.83737060441507;0.0
261;10.0;solarCollector;47.3919311502833;8.17562676986709;190.0;190.0;7.0;0.6;120.0;0.5534591194968553;portrait;long;max4dist;0.0;0.0;0.0;89513.401;0.4132870210117403;48864.26602388826;220081.18955905677;118233.246;0.0;814.849784367782;0.0;100.13169267190217
262;10.0;pv;47.3919311502833;8.17562676986709;190.0;190.0;45.0;1.5925296241980658;100.0;0.4612159329140461;portrait;long;tilt+10;0.2570858439633333;31697.226479951678;57222.79298970892;123294.32842857142;0.0;0.0;0.0;118233.246;254.24061341366576;0.0;64.95333295072066;0.0
263;10.0;solarCollector;47.3919311502833;8.17562676986709;190.0;190.0;45.0;1.5925296241980658;100.0;0.4612159329140461;portrait;long;tilt+10;0.0;0.0;0.0;89513.401;0.38826939727627563;45906.351162437626;190461.94925575107;118233.246;0.0;846.2215889995648;0.0;94.07039172630661
264;10.0;pv;47.3919311502833;8.17562676986709;190.0;190.0;55.0;1.8448753879344686;80.0;0.3689727463312369;portrait;long;tilt+20;0.22775889878851785;28081.380469761276;44067.223341078214;123294.32842857142;0.0;0.0;0.0;118233.246;244.73809535318452;0.0;57.5438124380354;0.0
265;10.0;solarCollector;47.3919311502833;8.17562676986709;190.0;190.0;55.0;1.8448753879344686;80.0;0.3689727463312369;portrait;long;tilt+20;0.0;0.0;0.0;89513.401;0.36517652414354834;43176.00581248909;146209.7690742583;118233.246;0.0;812.0116878774826;0.0;88.47542174690389
266;10.0;pv;47.3919311502833;8.17562676986709;190.0;100.0;32.0;1.1934719750650815;84.0;0.38742138364779877;portrait;short;tilt;0.22757727473206535;28058.987253694493;42422.409432296685;123294.32842857142;0.0;0.0;0.0;118233.246;224.38401838058778;0.0;57.49792470019364;0.0
267;10.0;solarCollector;47.3919311502833;8.17562676986709;190.0;100.0;32.0;1.1934719750650815;84.0;0.38742138364779877;portrait;short;tilt;0.0;0.0;0.0;89513.401;0.3651928333390378;43177.934101611456;139316.35567359938;118233.246;0.0;736.8832683129625;0.0;88.47937315903988
268;10.0;pv;47.3919311502833;8.17562676986709;190.0;100.0;7.0;0.6;108.0;0.4981132075471698;portrait;short;max4dist;0.264430242348934;32602.749146616203;57314.63003748434;123294.32842857142;0.0;0.0;0.0;118233.246;235.78578241327236;0.0;66.80891218568894;0.0
269;10.0;solarCollector;47.3919311502833;8.17562676986709;190.0;100.0;7.0;0.6;108.0;0.4981132075471698;portrait;short;max4dist;0.0;0.0;0.0;89513.401;0.39640254730614977;46867.95989067464;189138.1389327413;118233.246;0.0;778.0925052343587;0.0;96.04090141531688
270;10.0;pv;47.3919311502833;8.17562676986709;190.0;100.0;42.0;1.5070005569681688;76.0;0.35052410901467507;portrait;short;tilt+10;0.2108570465617924;25997.47795026821;37023.30215109609;123294.32842857142;0.0;0.0;0.0;118233.246;216.43995516894506;0.0;53.27352038989388;0.0
271;10.0;solarCollector;47.3919311502833;8.17562676986709;190.0;100.0;42.0;1.5070005569681688;76.0;0.35052410901467507;portrait;short;tilt+10;0.0;0.0;0.0;89513.401;0.35266089940786727;41696.24287427162;121142.75288837678;118233.246;0.0;708.2061966594896;0.0;85.44312064399924
272;10.0;pv;47.3919311502833;8.17562676986709;190.0;100.0;52.0;1.7747396895268555;72.0;0.3320754716981132;portrait;short;tilt+20;0.198164469188512;24432.55514700192;33447.81607449274;123294.32842857142;0.0;0.0;0.0;118233.246;206.4006906608741;0.0;50.06671136680722;0.0
273;10.0;solarCollector;47.3919311502833;8.17562676986709;190.0;100.0;52.0;1.7747396895268555;72.0;0.3320754716981132;portrait;short;tilt+20;0.0;0.0;0.0;89513.401;0.34258173052188434;40504.55001989966;108896.32602476973;118233.246;0.0;671.9804023044892;0.0;83.00112708995833
